DateKey,Date,Year,Quarter,MonthNumber,Month,YearMonth,FiscalYear,FiscalQuarter
20170701,2017-07-01,2017,Q3,7,July,2017-07,FY2018,FY2018 Q1
20170702,2017-07-02,2017,Q3,7,July,2017-07,FY2018,FY2018 Q1
20170703,2017-07-03,2017,Q3,7,July,2017-07,FY2018,FY2018 Q1
20170704,2017-07-04,2017,Q3,7,July,2017-07,FY2018,FY2018 Q1
20170705,2017-07-05,2017,Q3,7,July,2017-07,FY2018,FY2018 Q1
20170706,2017-07-06,2017,Q3,7,July,2017-07,FY2018,FY2018 Q1
20170707,2017-07-07,2017,Q3,7,July,2017-07,FY2018,FY2018 Q1
20170708,2017-07-08,2017,Q3,7,July,2017-07,FY2018,FY2018 Q1
20170709,2017-07-09,2017,Q3,7,July,2017-07,FY2018,FY2018 Q1
20170710,2017-07-10,2017,Q3,7,July,2017-07,FY2018,FY2018 Q1
20170711,2017-07-11,2017,Q3,7,July,2017-07,FY2018,FY2018 Q1
20170712,2017-07-12,2017,Q3,7,July,2017-07,FY2018,FY2018 Q1
20170713,2017-07-13,2017,Q3,7,July,2017-07,FY2018,FY2018 Q1
20170714,2017-07-14,2017,Q3,7,July,2017-07,FY2018,FY2018 Q1
20170715,2017-07-15,2017,Q3,7,July,2017-07,FY2018,FY2018 Q1
20170716,2017-07-16,2017,Q3,7,July,2017-07,FY2018,FY2018 Q1
20170717,2017-07-17,2017,Q3,7,July,2017-07,FY2018,FY2018 Q1
20170718,2017-07-18,2017,Q3,7,July,2017-07,FY2018,FY2018 Q1
20170719,2017-07-19,2017,Q3,7,July,2017-07,FY2018,FY2018 Q1
20170720,2017-07-20,2017,Q3,7,July,2017-07,FY2018,FY2018 Q1
20170721,2017-07-21,2017,Q3,7,July,2017-07,FY2018,FY2018 Q1
20170722,2017-07-22,2017,Q3,7,July,2017-07,FY2018,FY2018 Q1
20170723,2017-07-23,2017,Q3,7,July,2017-07,FY2018,FY2018 Q1
20170724,2017-07-24,2017,Q3,7,July,2017-07,FY2018,FY2018 Q1
20170725,2017-07-25,2017,Q3,7,July,2017-07,FY2018,FY2018 Q1
20170726,2017-07-26,2017,Q3,7,July,2017-07,FY2018,FY2018 Q1
20170727,2017-07-27,2017,Q3,7,July,2017-07,FY2018,FY2018 Q1
20170728,2017-07-28,2017,Q3,7,July,2017-07,FY2018,FY2018 Q1
20170729,2017-07-29,2017,Q3,7,July,2017-07,FY2018,FY2018 Q1
20170730,2017-07-30,2017,Q3,7,July,2017-07,FY2018,FY2018 Q1
20170731,2017-07-31,2017,Q3,7,July,2017-07,FY2018,FY2018 Q1
20170801,2017-08-01,2017,Q3,8,August,2017-08,FY2018,FY2018 Q1
20170802,2017-08-02,2017,Q3,8,August,2017-08,FY2018,FY2018 Q1
20170803,2017-08-03,2017,Q3,8,August,2017-08,FY2018,FY2018 Q1
20170804,2017-08-04,2017,Q3,8,August,2017-08,FY2018,FY2018 Q1
20170805,2017-08-05,2017,Q3,8,August,2017-08,FY2018,FY2018 Q1
20170806,2017-08-06,2017,Q3,8,August,2017-08,FY2018,FY2018 Q1
20170807,2017-08-07,2017,Q3,8,August,2017-08,FY2018,FY2018 Q1
20170808,2017-08-08,2017,Q3,8,August,2017-08,FY2018,FY2018 Q1
20170809,2017-08-09,2017,Q3,8,August,2017-08,FY2018,FY2018 Q1
20170810,2017-08-10,2017,Q3,8,August,2017-08,FY2018,FY2018 Q1
20170811,2017-08-11,2017,Q3,8,August,2017-08,FY2018,FY2018 Q1
20170812,2017-08-12,2017,Q3,8,August,2017-08,FY2018,FY2018 Q1
20170813,2017-08-13,2017,Q3,8,August,2017-08,FY2018,FY2018 Q1
20170814,2017-08-14,2017,Q3,8,August,2017-08,FY2018,FY2018 Q1
20170815,2017-08-15,2017,Q3,8,August,2017-08,FY2018,FY2018 Q1
20170816,2017-08-16,2017,Q3,8,August,2017-08,FY2018,FY2018 Q1
20170817,2017-08-17,2017,Q3,8,August,2017-08,FY2018,FY2018 Q1
20170818,2017-08-18,2017,Q3,8,August,2017-08,FY2018,FY2018 Q1
20170819,2017-08-19,2017,Q3,8,August,2017-08,FY2018,FY2018 Q1
20170820,2017-08-20,2017,Q3,8,August,2017-08,FY2018,FY2018 Q1
20170821,2017-08-21,2017,Q3,8,August,2017-08,FY2018,FY2018 Q1
20170822,2017-08-22,2017,Q3,8,August,2017-08,FY2018,FY2018 Q1
20170823,2017-08-23,2017,Q3,8,August,2017-08,FY2018,FY2018 Q1
20170824,2017-08-24,2017,Q3,8,August,2017-08,FY2018,FY2018 Q1
20170825,2017-08-25,2017,Q3,8,August,2017-08,FY2018,FY2018 Q1
20170826,2017-08-26,2017,Q3,8,August,2017-08,FY2018,FY2018 Q1
20170827,2017-08-27,2017,Q3,8,August,2017-08,FY2018,FY2018 Q1
20170828,2017-08-28,2017,Q3,8,August,2017-08,FY2018,FY2018 Q1
20170829,2017-08-29,2017,Q3,8,August,2017-08,FY2018,FY2018 Q1
20170830,2017-08-30,2017,Q3,8,August,2017-08,FY2018,FY2018 Q1
20170831,2017-08-31,2017,Q3,8,August,2017-08,FY2018,FY2018 Q1
20170901,2017-09-01,2017,Q3,9,September,2017-09,FY2018,FY2018 Q1
20170902,2017-09-02,2017,Q3,9,September,2017-09,FY2018,FY2018 Q1
20170903,2017-09-03,2017,Q3,9,September,2017-09,FY2018,FY2018 Q1
20170904,2017-09-04,2017,Q3,9,September,2017-09,FY2018,FY2018 Q1
20170905,2017-09-05,2017,Q3,9,September,2017-09,FY2018,FY2018 Q1
20170906,2017-09-06,2017,Q3,9,September,2017-09,FY2018,FY2018 Q1
20170907,2017-09-07,2017,Q3,9,September,2017-09,FY2018,FY2018 Q1
20170908,2017-09-08,2017,Q3,9,September,2017-09,FY2018,FY2018 Q1
20170909,2017-09-09,2017,Q3,9,September,2017-09,FY2018,FY2018 Q1
20170910,2017-09-10,2017,Q3,9,September,2017-09,FY2018,FY2018 Q1
20170911,2017-09-11,2017,Q3,9,September,2017-09,FY2018,FY2018 Q1
20170912,2017-09-12,2017,Q3,9,September,2017-09,FY2018,FY2018 Q1
20170913,2017-09-13,2017,Q3,9,September,2017-09,FY2018,FY2018 Q1
20170914,2017-09-14,2017,Q3,9,September,2017-09,FY2018,FY2018 Q1
20170915,2017-09-15,2017,Q3,9,September,2017-09,FY2018,FY2018 Q1
20170916,2017-09-16,2017,Q3,9,September,2017-09,FY2018,FY2018 Q1
20170917,2017-09-17,2017,Q3,9,September,2017-09,FY2018,FY2018 Q1
20170918,2017-09-18,2017,Q3,9,September,2017-09,FY2018,FY2018 Q1
20170919,2017-09-19,2017,Q3,9,September,2017-09,FY2018,FY2018 Q1
20170920,2017-09-20,2017,Q3,9,September,2017-09,FY2018,FY2018 Q1
20170921,2017-09-21,2017,Q3,9,September,2017-09,FY2018,FY2018 Q1
20170922,2017-09-22,2017,Q3,9,September,2017-09,FY2018,FY2018 Q1
20170923,2017-09-23,2017,Q3,9,September,2017-09,FY2018,FY2018 Q1
20170924,2017-09-24,2017,Q3,9,September,2017-09,FY2018,FY2018 Q1
20170925,2017-09-25,2017,Q3,9,September,2017-09,FY2018,FY2018 Q1
20170926,2017-09-26,2017,Q3,9,September,2017-09,FY2018,FY2018 Q1
20170927,2017-09-27,2017,Q3,9,September,2017-09,FY2018,FY2018 Q1
20170928,2017-09-28,2017,Q3,9,September,2017-09,FY2018,FY2018 Q1
20170929,2017-09-29,2017,Q3,9,September,2017-09,FY2018,FY2018 Q1
20170930,2017-09-30,2017,Q3,9,September,2017-09,FY2018,FY2018 Q1
20171001,2017-10-01,2017,Q4,10,October,2017-10,FY2018,FY2018 Q2
20171002,2017-10-02,2017,Q4,10,October,2017-10,FY2018,FY2018 Q2
20171003,2017-10-03,2017,Q4,10,October,2017-10,FY2018,FY2018 Q2
20171004,2017-10-04,2017,Q4,10,October,2017-10,FY2018,FY2018 Q2
20171005,2017-10-05,2017,Q4,10,October,2017-10,FY2018,FY2018 Q2
20171006,2017-10-06,2017,Q4,10,October,2017-10,FY2018,FY2018 Q2
20171007,2017-10-07,2017,Q4,10,October,2017-10,FY2018,FY2018 Q2
20171008,2017-10-08,2017,Q4,10,October,2017-10,FY2018,FY2018 Q2
20171009,2017-10-09,2017,Q4,10,October,2017-10,FY2018,FY2018 Q2
20171010,2017-10-10,2017,Q4,10,October,2017-10,FY2018,FY2018 Q2
20171011,2017-10-11,2017,Q4,10,October,2017-10,FY2018,FY2018 Q2
20171012,2017-10-12,2017,Q4,10,October,2017-10,FY2018,FY2018 Q2
20171013,2017-10-13,2017,Q4,10,October,2017-10,FY2018,FY2018 Q2
20171014,2017-10-14,2017,Q4,10,October,2017-10,FY2018,FY2018 Q2
20171015,2017-10-15,2017,Q4,10,October,2017-10,FY2018,FY2018 Q2
20171016,2017-10-16,2017,Q4,10,October,2017-10,FY2018,FY2018 Q2
20171017,2017-10-17,2017,Q4,10,October,2017-10,FY2018,FY2018 Q2
20171018,2017-10-18,2017,Q4,10,October,2017-10,FY2018,FY2018 Q2
20171019,2017-10-19,2017,Q4,10,October,2017-10,FY2018,FY2018 Q2
20171020,2017-10-20,2017,Q4,10,October,2017-10,FY2018,FY2018 Q2
20171021,2017-10-21,2017,Q4,10,October,2017-10,FY2018,FY2018 Q2
20171022,2017-10-22,2017,Q4,10,October,2017-10,FY2018,FY2018 Q2
20171023,2017-10-23,2017,Q4,10,October,2017-10,FY2018,FY2018 Q2
20171024,2017-10-24,2017,Q4,10,October,2017-10,FY2018,FY2018 Q2
20171025,2017-10-25,2017,Q4,10,October,2017-10,FY2018,FY2018 Q2
20171026,2017-10-26,2017,Q4,10,October,2017-10,FY2018,FY2018 Q2
20171027,2017-10-27,2017,Q4,10,October,2017-10,FY2018,FY2018 Q2
20171028,2017-10-28,2017,Q4,10,October,2017-10,FY2018,FY2018 Q2
20171029,2017-10-29,2017,Q4,10,October,2017-10,FY2018,FY2018 Q2
20171030,2017-10-30,2017,Q4,10,October,2017-10,FY2018,FY2018 Q2
20171031,2017-10-31,2017,Q4,10,October,2017-10,FY2018,FY2018 Q2
20171101,2017-11-01,2017,Q4,11,November,2017-11,FY2018,FY2018 Q2
20171102,2017-11-02,2017,Q4,11,November,2017-11,FY2018,FY2018 Q2
20171103,2017-11-03,2017,Q4,11,November,2017-11,FY2018,FY2018 Q2
20171104,2017-11-04,2017,Q4,11,November,2017-11,FY2018,FY2018 Q2
20171105,2017-11-05,2017,Q4,11,November,2017-11,FY2018,FY2018 Q2
20171106,2017-11-06,2017,Q4,11,November,2017-11,FY2018,FY2018 Q2
20171107,2017-11-07,2017,Q4,11,November,2017-11,FY2018,FY2018 Q2
20171108,2017-11-08,2017,Q4,11,November,2017-11,FY2018,FY2018 Q2
20171109,2017-11-09,2017,Q4,11,November,2017-11,FY2018,FY2018 Q2
20171110,2017-11-10,2017,Q4,11,November,2017-11,FY2018,FY2018 Q2
20171111,2017-11-11,2017,Q4,11,November,2017-11,FY2018,FY2018 Q2
20171112,2017-11-12,2017,Q4,11,November,2017-11,FY2018,FY2018 Q2
20171113,2017-11-13,2017,Q4,11,November,2017-11,FY2018,FY2018 Q2
20171114,2017-11-14,2017,Q4,11,November,2017-11,FY2018,FY2018 Q2
20171115,2017-11-15,2017,Q4,11,November,2017-11,FY2018,FY2018 Q2
20171116,2017-11-16,2017,Q4,11,November,2017-11,FY2018,FY2018 Q2
20171117,2017-11-17,2017,Q4,11,November,2017-11,FY2018,FY2018 Q2
20171118,2017-11-18,2017,Q4,11,November,2017-11,FY2018,FY2018 Q2
20171119,2017-11-19,2017,Q4,11,November,2017-11,FY2018,FY2018 Q2
20171120,2017-11-20,2017,Q4,11,November,2017-11,FY2018,FY2018 Q2
20171121,2017-11-21,2017,Q4,11,November,2017-11,FY2018,FY2018 Q2
20171122,2017-11-22,2017,Q4,11,November,2017-11,FY2018,FY2018 Q2
20171123,2017-11-23,2017,Q4,11,November,2017-11,FY2018,FY2018 Q2
20171124,2017-11-24,2017,Q4,11,November,2017-11,FY2018,FY2018 Q2
20171125,2017-11-25,2017,Q4,11,November,2017-11,FY2018,FY2018 Q2
20171126,2017-11-26,2017,Q4,11,November,2017-11,FY2018,FY2018 Q2
20171127,2017-11-27,2017,Q4,11,November,2017-11,FY2018,FY2018 Q2
20171128,2017-11-28,2017,Q4,11,November,2017-11,FY2018,FY2018 Q2
20171129,2017-11-29,2017,Q4,11,November,2017-11,FY2018,FY2018 Q2
20171130,2017-11-30,2017,Q4,11,November,2017-11,FY2018,FY2018 Q2
20171201,2017-12-01,2017,Q4,12,December,2017-12,FY2018,FY2018 Q2
20171202,2017-12-02,2017,Q4,12,December,2017-12,FY2018,FY2018 Q2
20171203,2017-12-03,2017,Q4,12,December,2017-12,FY2018,FY2018 Q2
20171204,2017-12-04,2017,Q4,12,December,2017-12,FY2018,FY2018 Q2
20171205,2017-12-05,2017,Q4,12,December,2017-12,FY2018,FY2018 Q2
20171206,2017-12-06,2017,Q4,12,December,2017-12,FY2018,FY2018 Q2
20171207,2017-12-07,2017,Q4,12,December,2017-12,FY2018,FY2018 Q2
20171208,2017-12-08,2017,Q4,12,December,2017-12,FY2018,FY2018 Q2
20171209,2017-12-09,2017,Q4,12,December,2017-12,FY2018,FY2018 Q2
20171210,2017-12-10,2017,Q4,12,December,2017-12,FY2018,FY2018 Q2
20171211,2017-12-11,2017,Q4,12,December,2017-12,FY2018,FY2018 Q2
20171212,2017-12-12,2017,Q4,12,December,2017-12,FY2018,FY2018 Q2
20171213,2017-12-13,2017,Q4,12,December,2017-12,FY2018,FY2018 Q2
20171214,2017-12-14,2017,Q4,12,December,2017-12,FY2018,FY2018 Q2
20171215,2017-12-15,2017,Q4,12,December,2017-12,FY2018,FY2018 Q2
20171216,2017-12-16,2017,Q4,12,December,2017-12,FY2018,FY2018 Q2
20171217,2017-12-17,2017,Q4,12,December,2017-12,FY2018,FY2018 Q2
20171218,2017-12-18,2017,Q4,12,December,2017-12,FY2018,FY2018 Q2
20171219,2017-12-19,2017,Q4,12,December,2017-12,FY2018,FY2018 Q2
20171220,2017-12-20,2017,Q4,12,December,2017-12,FY2018,FY2018 Q2
20171221,2017-12-21,2017,Q4,12,December,2017-12,FY2018,FY2018 Q2
20171222,2017-12-22,2017,Q4,12,December,2017-12,FY2018,FY2018 Q2
20171223,2017-12-23,2017,Q4,12,December,2017-12,FY2018,FY2018 Q2
20171224,2017-12-24,2017,Q4,12,December,2017-12,FY2018,FY2018 Q2
20171225,2017-12-25,2017,Q4,12,December,2017-12,FY2018,FY2018 Q2
20171226,2017-12-26,2017,Q4,12,December,2017-12,FY2018,FY2018 Q2
20171227,2017-12-27,2017,Q4,12,December,2017-12,FY2018,FY2018 Q2
20171228,2017-12-28,2017,Q4,12,December,2017-12,FY2018,FY2018 Q2
20171229,2017-12-29,2017,Q4,12,December,2017-12,FY2018,FY2018 Q2
20171230,2017-12-30,2017,Q4,12,December,2017-12,FY2018,FY2018 Q2
20171231,2017-12-31,2017,Q4,12,December,2017-12,FY2018,FY2018 Q2
20180101,2018-01-01,2018,Q1,1,January,2018-01,FY2018,FY2018 Q3
20180102,2018-01-02,2018,Q1,1,January,2018-01,FY2018,FY2018 Q3
20180103,2018-01-03,2018,Q1,1,January,2018-01,FY2018,FY2018 Q3
20180104,2018-01-04,2018,Q1,1,January,2018-01,FY2018,FY2018 Q3
20180105,2018-01-05,2018,Q1,1,January,2018-01,FY2018,FY2018 Q3
20180106,2018-01-06,2018,Q1,1,January,2018-01,FY2018,FY2018 Q3
20180107,2018-01-07,2018,Q1,1,January,2018-01,FY2018,FY2018 Q3
20180108,2018-01-08,2018,Q1,1,January,2018-01,FY2018,FY2018 Q3
20180109,2018-01-09,2018,Q1,1,January,2018-01,FY2018,FY2018 Q3
20180110,2018-01-10,2018,Q1,1,January,2018-01,FY2018,FY2018 Q3
20180111,2018-01-11,2018,Q1,1,January,2018-01,FY2018,FY2018 Q3
20180112,2018-01-12,2018,Q1,1,January,2018-01,FY2018,FY2018 Q3
20180113,2018-01-13,2018,Q1,1,January,2018-01,FY2018,FY2018 Q3
20180114,2018-01-14,2018,Q1,1,January,2018-01,FY2018,FY2018 Q3
20180115,2018-01-15,2018,Q1,1,January,2018-01,FY2018,FY2018 Q3
20180116,2018-01-16,2018,Q1,1,January,2018-01,FY2018,FY2018 Q3
20180117,2018-01-17,2018,Q1,1,January,2018-01,FY2018,FY2018 Q3
20180118,2018-01-18,2018,Q1,1,January,2018-01,FY2018,FY2018 Q3
20180119,2018-01-19,2018,Q1,1,January,2018-01,FY2018,FY2018 Q3
20180120,2018-01-20,2018,Q1,1,January,2018-01,FY2018,FY2018 Q3
20180121,2018-01-21,2018,Q1,1,January,2018-01,FY2018,FY2018 Q3
20180122,2018-01-22,2018,Q1,1,January,2018-01,FY2018,FY2018 Q3
20180123,2018-01-23,2018,Q1,1,January,2018-01,FY2018,FY2018 Q3
20180124,2018-01-24,2018,Q1,1,January,2018-01,FY2018,FY2018 Q3
20180125,2018-01-25,2018,Q1,1,January,2018-01,FY2018,FY2018 Q3
20180126,2018-01-26,2018,Q1,1,January,2018-01,FY2018,FY2018 Q3
20180127,2018-01-27,2018,Q1,1,January,2018-01,FY2018,FY2018 Q3
20180128,2018-01-28,2018,Q1,1,January,2018-01,FY2018,FY2018 Q3
20180129,2018-01-29,2018,Q1,1,January,2018-01,FY2018,FY2018 Q3
20180130,2018-01-30,2018,Q1,1,January,2018-01,FY2018,FY2018 Q3
20180131,2018-01-31,2018,Q1,1,January,2018-01,FY2018,FY2018 Q3
20180201,2018-02-01,2018,Q1,2,February,2018-02,FY2018,FY2018 Q3
20180202,2018-02-02,2018,Q1,2,February,2018-02,FY2018,FY2018 Q3
20180203,2018-02-03,2018,Q1,2,February,2018-02,FY2018,FY2018 Q3
20180204,2018-02-04,2018,Q1,2,February,2018-02,FY2018,FY2018 Q3
20180205,2018-02-05,2018,Q1,2,February,2018-02,FY2018,FY2018 Q3
20180206,2018-02-06,2018,Q1,2,February,2018-02,FY2018,FY2018 Q3
20180207,2018-02-07,2018,Q1,2,February,2018-02,FY2018,FY2018 Q3
20180208,2018-02-08,2018,Q1,2,February,2018-02,FY2018,FY2018 Q3
20180209,2018-02-09,2018,Q1,2,February,2018-02,FY2018,FY2018 Q3
20180210,2018-02-10,2018,Q1,2,February,2018-02,FY2018,FY2018 Q3
20180211,2018-02-11,2018,Q1,2,February,2018-02,FY2018,FY2018 Q3
20180212,2018-02-12,2018,Q1,2,February,2018-02,FY2018,FY2018 Q3
20180213,2018-02-13,2018,Q1,2,February,2018-02,FY2018,FY2018 Q3
20180214,2018-02-14,2018,Q1,2,February,2018-02,FY2018,FY2018 Q3
20180215,2018-02-15,2018,Q1,2,February,2018-02,FY2018,FY2018 Q3
20180216,2018-02-16,2018,Q1,2,February,2018-02,FY2018,FY2018 Q3
20180217,2018-02-17,2018,Q1,2,February,2018-02,FY2018,FY2018 Q3
20180218,2018-02-18,2018,Q1,2,February,2018-02,FY2018,FY2018 Q3
20180219,2018-02-19,2018,Q1,2,February,2018-02,FY2018,FY2018 Q3
20180220,2018-02-20,2018,Q1,2,February,2018-02,FY2018,FY2018 Q3
20180221,2018-02-21,2018,Q1,2,February,2018-02,FY2018,FY2018 Q3
20180222,2018-02-22,2018,Q1,2,February,2018-02,FY2018,FY2018 Q3
20180223,2018-02-23,2018,Q1,2,February,2018-02,FY2018,FY2018 Q3
20180224,2018-02-24,2018,Q1,2,February,2018-02,FY2018,FY2018 Q3
20180225,2018-02-25,2018,Q1,2,February,2018-02,FY2018,FY2018 Q3
20180226,2018-02-26,2018,Q1,2,February,2018-02,FY2018,FY2018 Q3
20180227,2018-02-27,2018,Q1,2,February,2018-02,FY2018,FY2018 Q3
20180228,2018-02-28,2018,Q1,2,February,2018-02,FY2018,FY2018 Q3
20180301,2018-03-01,2018,Q1,3,March,2018-03,FY2018,FY2018 Q3
20180302,2018-03-02,2018,Q1,3,March,2018-03,FY2018,FY2018 Q3
20180303,2018-03-03,2018,Q1,3,March,2018-03,FY2018,FY2018 Q3
20180304,2018-03-04,2018,Q1,3,March,2018-03,FY2018,FY2018 Q3
20180305,2018-03-05,2018,Q1,3,March,2018-03,FY2018,FY2018 Q3
20180306,2018-03-06,2018,Q1,3,March,2018-03,FY2018,FY2018 Q3
20180307,2018-03-07,2018,Q1,3,March,2018-03,FY2018,FY2018 Q3
20180308,2018-03-08,2018,Q1,3,March,2018-03,FY2018,FY2018 Q3
20180309,2018-03-09,2018,Q1,3,March,2018-03,FY2018,FY2018 Q3
20180310,2018-03-10,2018,Q1,3,March,2018-03,FY2018,FY2018 Q3
20180311,2018-03-11,2018,Q1,3,March,2018-03,FY2018,FY2018 Q3
20180312,2018-03-12,2018,Q1,3,March,2018-03,FY2018,FY2018 Q3
20180313,2018-03-13,2018,Q1,3,March,2018-03,FY2018,FY2018 Q3
20180314,2018-03-14,2018,Q1,3,March,2018-03,FY2018,FY2018 Q3
20180315,2018-03-15,2018,Q1,3,March,2018-03,FY2018,FY2018 Q3
20180316,2018-03-16,2018,Q1,3,March,2018-03,FY2018,FY2018 Q3
20180317,2018-03-17,2018,Q1,3,March,2018-03,FY2018,FY2018 Q3
20180318,2018-03-18,2018,Q1,3,March,2018-03,FY2018,FY2018 Q3
20180319,2018-03-19,2018,Q1,3,March,2018-03,FY2018,FY2018 Q3
20180320,2018-03-20,2018,Q1,3,March,2018-03,FY2018,FY2018 Q3
20180321,2018-03-21,2018,Q1,3,March,2018-03,FY2018,FY2018 Q3
20180322,2018-03-22,2018,Q1,3,March,2018-03,FY2018,FY2018 Q3
20180323,2018-03-23,2018,Q1,3,March,2018-03,FY2018,FY2018 Q3
20180324,2018-03-24,2018,Q1,3,March,2018-03,FY2018,FY2018 Q3
20180325,2018-03-25,2018,Q1,3,March,2018-03,FY2018,FY2018 Q3
20180326,2018-03-26,2018,Q1,3,March,2018-03,FY2018,FY2018 Q3
20180327,2018-03-27,2018,Q1,3,March,2018-03,FY2018,FY2018 Q3
20180328,2018-03-28,2018,Q1,3,March,2018-03,FY2018,FY2018 Q3
20180329,2018-03-29,2018,Q1,3,March,2018-03,FY2018,FY2018 Q3
20180330,2018-03-30,2018,Q1,3,March,2018-03,FY2018,FY2018 Q3
20180331,2018-03-31,2018,Q1,3,March,2018-03,FY2018,FY2018 Q3
20180401,2018-04-01,2018,Q2,4,April,2018-04,FY2018,FY2018 Q4
20180402,2018-04-02,2018,Q2,4,April,2018-04,FY2018,FY2018 Q4
20180403,2018-04-03,2018,Q2,4,April,2018-04,FY2018,FY2018 Q4
20180404,2018-04-04,2018,Q2,4,April,2018-04,FY2018,FY2018 Q4
20180405,2018-04-05,2018,Q2,4,April,2018-04,FY2018,FY2018 Q4
20180406,2018-04-06,2018,Q2,4,April,2018-04,FY2018,FY2018 Q4
20180407,2018-04-07,2018,Q2,4,April,2018-04,FY2018,FY2018 Q4
20180408,2018-04-08,2018,Q2,4,April,2018-04,FY2018,FY2018 Q4
20180409,2018-04-09,2018,Q2,4,April,2018-04,FY2018,FY2018 Q4
20180410,2018-04-10,2018,Q2,4,April,2018-04,FY2018,FY2018 Q4
20180411,2018-04-11,2018,Q2,4,April,2018-04,FY2018,FY2018 Q4
20180412,2018-04-12,2018,Q2,4,April,2018-04,FY2018,FY2018 Q4
20180413,2018-04-13,2018,Q2,4,April,2018-04,FY2018,FY2018 Q4
20180414,2018-04-14,2018,Q2,4,April,2018-04,FY2018,FY2018 Q4
20180415,2018-04-15,2018,Q2,4,April,2018-04,FY2018,FY2018 Q4
20180416,2018-04-16,2018,Q2,4,April,2018-04,FY2018,FY2018 Q4
20180417,2018-04-17,2018,Q2,4,April,2018-04,FY2018,FY2018 Q4
20180418,2018-04-18,2018,Q2,4,April,2018-04,FY2018,FY2018 Q4
20180419,2018-04-19,2018,Q2,4,April,2018-04,FY2018,FY2018 Q4
20180420,2018-04-20,2018,Q2,4,April,2018-04,FY2018,FY2018 Q4
20180421,2018-04-21,2018,Q2,4,April,2018-04,FY2018,FY2018 Q4
20180422,2018-04-22,2018,Q2,4,April,2018-04,FY2018,FY2018 Q4
20180423,2018-04-23,2018,Q2,4,April,2018-04,FY2018,FY2018 Q4
20180424,2018-04-24,2018,Q2,4,April,2018-04,FY2018,FY2018 Q4
20180425,2018-04-25,2018,Q2,4,April,2018-04,FY2018,FY2018 Q4
20180426,2018-04-26,2018,Q2,4,April,2018-04,FY2018,FY2018 Q4
20180427,2018-04-27,2018,Q2,4,April,2018-04,FY2018,FY2018 Q4
20180428,2018-04-28,2018,Q2,4,April,2018-04,FY2018,FY2018 Q4
20180429,2018-04-29,2018,Q2,4,April,2018-04,FY2018,FY2018 Q4
20180430,2018-04-30,2018,Q2,4,April,2018-04,FY2018,FY2018 Q4
20180501,2018-05-01,2018,Q2,5,May,2018-05,FY2018,FY2018 Q4
20180502,2018-05-02,2018,Q2,5,May,2018-05,FY2018,FY2018 Q4
20180503,2018-05-03,2018,Q2,5,May,2018-05,FY2018,FY2018 Q4
20180504,2018-05-04,2018,Q2,5,May,2018-05,FY2018,FY2018 Q4
20180505,2018-05-05,2018,Q2,5,May,2018-05,FY2018,FY2018 Q4
20180506,2018-05-06,2018,Q2,5,May,2018-05,FY2018,FY2018 Q4
20180507,2018-05-07,2018,Q2,5,May,2018-05,FY2018,FY2018 Q4
20180508,2018-05-08,2018,Q2,5,May,2018-05,FY2018,FY2018 Q4
20180509,2018-05-09,2018,Q2,5,May,2018-05,FY2018,FY2018 Q4
20180510,2018-05-10,2018,Q2,5,May,2018-05,FY2018,FY2018 Q4
20180511,2018-05-11,2018,Q2,5,May,2018-05,FY2018,FY2018 Q4
20180512,2018-05-12,2018,Q2,5,May,2018-05,FY2018,FY2018 Q4
20180513,2018-05-13,2018,Q2,5,May,2018-05,FY2018,FY2018 Q4
20180514,2018-05-14,2018,Q2,5,May,2018-05,FY2018,FY2018 Q4
20180515,2018-05-15,2018,Q2,5,May,2018-05,FY2018,FY2018 Q4
20180516,2018-05-16,2018,Q2,5,May,2018-05,FY2018,FY2018 Q4
20180517,2018-05-17,2018,Q2,5,May,2018-05,FY2018,FY2018 Q4
20180518,2018-05-18,2018,Q2,5,May,2018-05,FY2018,FY2018 Q4
20180519,2018-05-19,2018,Q2,5,May,2018-05,FY2018,FY2018 Q4
20180520,2018-05-20,2018,Q2,5,May,2018-05,FY2018,FY2018 Q4
20180521,2018-05-21,2018,Q2,5,May,2018-05,FY2018,FY2018 Q4
20180522,2018-05-22,2018,Q2,5,May,2018-05,FY2018,FY2018 Q4
20180523,2018-05-23,2018,Q2,5,May,2018-05,FY2018,FY2018 Q4
20180524,2018-05-24,2018,Q2,5,May,2018-05,FY2018,FY2018 Q4
20180525,2018-05-25,2018,Q2,5,May,2018-05,FY2018,FY2018 Q4
20180526,2018-05-26,2018,Q2,5,May,2018-05,FY2018,FY2018 Q4
20180527,2018-05-27,2018,Q2,5,May,2018-05,FY2018,FY2018 Q4
20180528,2018-05-28,2018,Q2,5,May,2018-05,FY2018,FY2018 Q4
20180529,2018-05-29,2018,Q2,5,May,2018-05,FY2018,FY2018 Q4
20180530,2018-05-30,2018,Q2,5,May,2018-05,FY2018,FY2018 Q4
20180531,2018-05-31,2018,Q2,5,May,2018-05,FY2018,FY2018 Q4
20180601,2018-06-01,2018,Q2,6,June,2018-06,FY2018,FY2018 Q4
20180602,2018-06-02,2018,Q2,6,June,2018-06,FY2018,FY2018 Q4
20180603,2018-06-03,2018,Q2,6,June,2018-06,FY2018,FY2018 Q4
20180604,2018-06-04,2018,Q2,6,June,2018-06,FY2018,FY2018 Q4
20180605,2018-06-05,2018,Q2,6,June,2018-06,FY2018,FY2018 Q4
20180606,2018-06-06,2018,Q2,6,June,2018-06,FY2018,FY2018 Q4
20180607,2018-06-07,2018,Q2,6,June,2018-06,FY2018,FY2018 Q4
20180608,2018-06-08,2018,Q2,6,June,2018-06,FY2018,FY2018 Q4
20180609,2018-06-09,2018,Q2,6,June,2018-06,FY2018,FY2018 Q4
20180610,2018-06-10,2018,Q2,6,June,2018-06,FY2018,FY2018 Q4
20180611,2018-06-11,2018,Q2,6,June,2018-06,FY2018,FY2018 Q4
20180612,2018-06-12,2018,Q2,6,June,2018-06,FY2018,FY2018 Q4
20180613,2018-06-13,2018,Q2,6,June,2018-06,FY2018,FY2018 Q4
20180614,2018-06-14,2018,Q2,6,June,2018-06,FY2018,FY2018 Q4
20180615,2018-06-15,2018,Q2,6,June,2018-06,FY2018,FY2018 Q4
20180616,2018-06-16,2018,Q2,6,June,2018-06,FY2018,FY2018 Q4
20180617,2018-06-17,2018,Q2,6,June,2018-06,FY2018,FY2018 Q4
20180618,2018-06-18,2018,Q2,6,June,2018-06,FY2018,FY2018 Q4
20180619,2018-06-19,2018,Q2,6,June,2018-06,FY2018,FY2018 Q4
20180620,2018-06-20,2018,Q2,6,June,2018-06,FY2018,FY2018 Q4
20180621,2018-06-21,2018,Q2,6,June,2018-06,FY2018,FY2018 Q4
20180622,2018-06-22,2018,Q2,6,June,2018-06,FY2018,FY2018 Q4
20180623,2018-06-23,2018,Q2,6,June,2018-06,FY2018,FY2018 Q4
20180624,2018-06-24,2018,Q2,6,June,2018-06,FY2018,FY2018 Q4
20180625,2018-06-25,2018,Q2,6,June,2018-06,FY2018,FY2018 Q4
20180626,2018-06-26,2018,Q2,6,June,2018-06,FY2018,FY2018 Q4
20180627,2018-06-27,2018,Q2,6,June,2018-06,FY2018,FY2018 Q4
20180628,2018-06-28,2018,Q2,6,June,2018-06,FY2018,FY2018 Q4
20180629,2018-06-29,2018,Q2,6,June,2018-06,FY2018,FY2018 Q4
20180630,2018-06-30,2018,Q2,6,June,2018-06,FY2018,FY2018 Q4
20180701,2018-07-01,2018,Q3,7,July,2018-07,FY2019,FY2019 Q1
20180702,2018-07-02,2018,Q3,7,July,2018-07,FY2019,FY2019 Q1
20180703,2018-07-03,2018,Q3,7,July,2018-07,FY2019,FY2019 Q1
20180704,2018-07-04,2018,Q3,7,July,2018-07,FY2019,FY2019 Q1
20180705,2018-07-05,2018,Q3,7,July,2018-07,FY2019,FY2019 Q1
20180706,2018-07-06,2018,Q3,7,July,2018-07,FY2019,FY2019 Q1
20180707,2018-07-07,2018,Q3,7,July,2018-07,FY2019,FY2019 Q1
20180708,2018-07-08,2018,Q3,7,July,2018-07,FY2019,FY2019 Q1
20180709,2018-07-09,2018,Q3,7,July,2018-07,FY2019,FY2019 Q1
20180710,2018-07-10,2018,Q3,7,July,2018-07,FY2019,FY2019 Q1
20180711,2018-07-11,2018,Q3,7,July,2018-07,FY2019,FY2019 Q1
20180712,2018-07-12,2018,Q3,7,July,2018-07,FY2019,FY2019 Q1
20180713,2018-07-13,2018,Q3,7,July,2018-07,FY2019,FY2019 Q1
20180714,2018-07-14,2018,Q3,7,July,2018-07,FY2019,FY2019 Q1
20180715,2018-07-15,2018,Q3,7,July,2018-07,FY2019,FY2019 Q1
20180716,2018-07-16,2018,Q3,7,July,2018-07,FY2019,FY2019 Q1
20180717,2018-07-17,2018,Q3,7,July,2018-07,FY2019,FY2019 Q1
20180718,2018-07-18,2018,Q3,7,July,2018-07,FY2019,FY2019 Q1
20180719,2018-07-19,2018,Q3,7,July,2018-07,FY2019,FY2019 Q1
20180720,2018-07-20,2018,Q3,7,July,2018-07,FY2019,FY2019 Q1
20180721,2018-07-21,2018,Q3,7,July,2018-07,FY2019,FY2019 Q1
20180722,2018-07-22,2018,Q3,7,July,2018-07,FY2019,FY2019 Q1
20180723,2018-07-23,2018,Q3,7,July,2018-07,FY2019,FY2019 Q1
20180724,2018-07-24,2018,Q3,7,July,2018-07,FY2019,FY2019 Q1
20180725,2018-07-25,2018,Q3,7,July,2018-07,FY2019,FY2019 Q1
20180726,2018-07-26,2018,Q3,7,July,2018-07,FY2019,FY2019 Q1
20180727,2018-07-27,2018,Q3,7,July,2018-07,FY2019,FY2019 Q1
20180728,2018-07-28,2018,Q3,7,July,2018-07,FY2019,FY2019 Q1
20180729,2018-07-29,2018,Q3,7,July,2018-07,FY2019,FY2019 Q1
20180730,2018-07-30,2018,Q3,7,July,2018-07,FY2019,FY2019 Q1
20180731,2018-07-31,2018,Q3,7,July,2018-07,FY2019,FY2019 Q1
20180801,2018-08-01,2018,Q3,8,August,2018-08,FY2019,FY2019 Q1
20180802,2018-08-02,2018,Q3,8,August,2018-08,FY2019,FY2019 Q1
20180803,2018-08-03,2018,Q3,8,August,2018-08,FY2019,FY2019 Q1
20180804,2018-08-04,2018,Q3,8,August,2018-08,FY2019,FY2019 Q1
20180805,2018-08-05,2018,Q3,8,August,2018-08,FY2019,FY2019 Q1
20180806,2018-08-06,2018,Q3,8,August,2018-08,FY2019,FY2019 Q1
20180807,2018-08-07,2018,Q3,8,August,2018-08,FY2019,FY2019 Q1
20180808,2018-08-08,2018,Q3,8,August,2018-08,FY2019,FY2019 Q1
20180809,2018-08-09,2018,Q3,8,August,2018-08,FY2019,FY2019 Q1
20180810,2018-08-10,2018,Q3,8,August,2018-08,FY2019,FY2019 Q1
20180811,2018-08-11,2018,Q3,8,August,2018-08,FY2019,FY2019 Q1
20180812,2018-08-12,2018,Q3,8,August,2018-08,FY2019,FY2019 Q1
20180813,2018-08-13,2018,Q3,8,August,2018-08,FY2019,FY2019 Q1
20180814,2018-08-14,2018,Q3,8,August,2018-08,FY2019,FY2019 Q1
20180815,2018-08-15,2018,Q3,8,August,2018-08,FY2019,FY2019 Q1
20180816,2018-08-16,2018,Q3,8,August,2018-08,FY2019,FY2019 Q1
20180817,2018-08-17,2018,Q3,8,August,2018-08,FY2019,FY2019 Q1
20180818,2018-08-18,2018,Q3,8,August,2018-08,FY2019,FY2019 Q1
20180819,2018-08-19,2018,Q3,8,August,2018-08,FY2019,FY2019 Q1
20180820,2018-08-20,2018,Q3,8,August,2018-08,FY2019,FY2019 Q1
20180821,2018-08-21,2018,Q3,8,August,2018-08,FY2019,FY2019 Q1
20180822,2018-08-22,2018,Q3,8,August,2018-08,FY2019,FY2019 Q1
20180823,2018-08-23,2018,Q3,8,August,2018-08,FY2019,FY2019 Q1
20180824,2018-08-24,2018,Q3,8,August,2018-08,FY2019,FY2019 Q1
20180825,2018-08-25,2018,Q3,8,August,2018-08,FY2019,FY2019 Q1
20180826,2018-08-26,2018,Q3,8,August,2018-08,FY2019,FY2019 Q1
20180827,2018-08-27,2018,Q3,8,August,2018-08,FY2019,FY2019 Q1
20180828,2018-08-28,2018,Q3,8,August,2018-08,FY2019,FY2019 Q1
20180829,2018-08-29,2018,Q3,8,August,2018-08,FY2019,FY2019 Q1
20180830,2018-08-30,2018,Q3,8,August,2018-08,FY2019,FY2019 Q1
20180831,2018-08-31,2018,Q3,8,August,2018-08,FY2019,FY2019 Q1
20180901,2018-09-01,2018,Q3,9,September,2018-09,FY2019,FY2019 Q1
20180902,2018-09-02,2018,Q3,9,September,2018-09,FY2019,FY2019 Q1
20180903,2018-09-03,2018,Q3,9,September,2018-09,FY2019,FY2019 Q1
20180904,2018-09-04,2018,Q3,9,September,2018-09,FY2019,FY2019 Q1
20180905,2018-09-05,2018,Q3,9,September,2018-09,FY2019,FY2019 Q1
20180906,2018-09-06,2018,Q3,9,September,2018-09,FY2019,FY2019 Q1
20180907,2018-09-07,2018,Q3,9,September,2018-09,FY2019,FY2019 Q1
20180908,2018-09-08,2018,Q3,9,September,2018-09,FY2019,FY2019 Q1
20180909,2018-09-09,2018,Q3,9,September,2018-09,FY2019,FY2019 Q1
20180910,2018-09-10,2018,Q3,9,September,2018-09,FY2019,FY2019 Q1
20180911,2018-09-11,2018,Q3,9,September,2018-09,FY2019,FY2019 Q1
20180912,2018-09-12,2018,Q3,9,September,2018-09,FY2019,FY2019 Q1
20180913,2018-09-13,2018,Q3,9,September,2018-09,FY2019,FY2019 Q1
20180914,2018-09-14,2018,Q3,9,September,2018-09,FY2019,FY2019 Q1
20180915,2018-09-15,2018,Q3,9,September,2018-09,FY2019,FY2019 Q1
20180916,2018-09-16,2018,Q3,9,September,2018-09,FY2019,FY2019 Q1
20180917,2018-09-17,2018,Q3,9,September,2018-09,FY2019,FY2019 Q1
20180918,2018-09-18,2018,Q3,9,September,2018-09,FY2019,FY2019 Q1
20180919,2018-09-19,2018,Q3,9,September,2018-09,FY2019,FY2019 Q1
20180920,2018-09-20,2018,Q3,9,September,2018-09,FY2019,FY2019 Q1
20180921,2018-09-21,2018,Q3,9,September,2018-09,FY2019,FY2019 Q1
20180922,2018-09-22,2018,Q3,9,September,2018-09,FY2019,FY2019 Q1
20180923,2018-09-23,2018,Q3,9,September,2018-09,FY2019,FY2019 Q1
20180924,2018-09-24,2018,Q3,9,September,2018-09,FY2019,FY2019 Q1
20180925,2018-09-25,2018,Q3,9,September,2018-09,FY2019,FY2019 Q1
20180926,2018-09-26,2018,Q3,9,September,2018-09,FY2019,FY2019 Q1
20180927,2018-09-27,2018,Q3,9,September,2018-09,FY2019,FY2019 Q1
20180928,2018-09-28,2018,Q3,9,September,2018-09,FY2019,FY2019 Q1
20180929,2018-09-29,2018,Q3,9,September,2018-09,FY2019,FY2019 Q1
20180930,2018-09-30,2018,Q3,9,September,2018-09,FY2019,FY2019 Q1
20181001,2018-10-01,2018,Q4,10,October,2018-10,FY2019,FY2019 Q2
20181002,2018-10-02,2018,Q4,10,October,2018-10,FY2019,FY2019 Q2
20181003,2018-10-03,2018,Q4,10,October,2018-10,FY2019,FY2019 Q2
20181004,2018-10-04,2018,Q4,10,October,2018-10,FY2019,FY2019 Q2
20181005,2018-10-05,2018,Q4,10,October,2018-10,FY2019,FY2019 Q2
20181006,2018-10-06,2018,Q4,10,October,2018-10,FY2019,FY2019 Q2
20181007,2018-10-07,2018,Q4,10,October,2018-10,FY2019,FY2019 Q2
20181008,2018-10-08,2018,Q4,10,October,2018-10,FY2019,FY2019 Q2
20181009,2018-10-09,2018,Q4,10,October,2018-10,FY2019,FY2019 Q2
20181010,2018-10-10,2018,Q4,10,October,2018-10,FY2019,FY2019 Q2
20181011,2018-10-11,2018,Q4,10,October,2018-10,FY2019,FY2019 Q2
20181012,2018-10-12,2018,Q4,10,October,2018-10,FY2019,FY2019 Q2
20181013,2018-10-13,2018,Q4,10,October,2018-10,FY2019,FY2019 Q2
20181014,2018-10-14,2018,Q4,10,October,2018-10,FY2019,FY2019 Q2
20181015,2018-10-15,2018,Q4,10,October,2018-10,FY2019,FY2019 Q2
20181016,2018-10-16,2018,Q4,10,October,2018-10,FY2019,FY2019 Q2
20181017,2018-10-17,2018,Q4,10,October,2018-10,FY2019,FY2019 Q2
20181018,2018-10-18,2018,Q4,10,October,2018-10,FY2019,FY2019 Q2
20181019,2018-10-19,2018,Q4,10,October,2018-10,FY2019,FY2019 Q2
20181020,2018-10-20,2018,Q4,10,October,2018-10,FY2019,FY2019 Q2
20181021,2018-10-21,2018,Q4,10,October,2018-10,FY2019,FY2019 Q2
20181022,2018-10-22,2018,Q4,10,October,2018-10,FY2019,FY2019 Q2
20181023,2018-10-23,2018,Q4,10,October,2018-10,FY2019,FY2019 Q2
20181024,2018-10-24,2018,Q4,10,October,2018-10,FY2019,FY2019 Q2
20181025,2018-10-25,2018,Q4,10,October,2018-10,FY2019,FY2019 Q2
20181026,2018-10-26,2018,Q4,10,October,2018-10,FY2019,FY2019 Q2
20181027,2018-10-27,2018,Q4,10,October,2018-10,FY2019,FY2019 Q2
20181028,2018-10-28,2018,Q4,10,October,2018-10,FY2019,FY2019 Q2
20181029,2018-10-29,2018,Q4,10,October,2018-10,FY2019,FY2019 Q2
20181030,2018-10-30,2018,Q4,10,October,2018-10,FY2019,FY2019 Q2
20181031,2018-10-31,2018,Q4,10,October,2018-10,FY2019,FY2019 Q2
20181101,2018-11-01,2018,Q4,11,November,2018-11,FY2019,FY2019 Q2
20181102,2018-11-02,2018,Q4,11,November,2018-11,FY2019,FY2019 Q2
20181103,2018-11-03,2018,Q4,11,November,2018-11,FY2019,FY2019 Q2
20181104,2018-11-04,2018,Q4,11,November,2018-11,FY2019,FY2019 Q2
20181105,2018-11-05,2018,Q4,11,November,2018-11,FY2019,FY2019 Q2
20181106,2018-11-06,2018,Q4,11,November,2018-11,FY2019,FY2019 Q2
20181107,2018-11-07,2018,Q4,11,November,2018-11,FY2019,FY2019 Q2
20181108,2018-11-08,2018,Q4,11,November,2018-11,FY2019,FY2019 Q2
20181109,2018-11-09,2018,Q4,11,November,2018-11,FY2019,FY2019 Q2
20181110,2018-11-10,2018,Q4,11,November,2018-11,FY2019,FY2019 Q2
20181111,2018-11-11,2018,Q4,11,November,2018-11,FY2019,FY2019 Q2
20181112,2018-11-12,2018,Q4,11,November,2018-11,FY2019,FY2019 Q2
20181113,2018-11-13,2018,Q4,11,November,2018-11,FY2019,FY2019 Q2
20181114,2018-11-14,2018,Q4,11,November,2018-11,FY2019,FY2019 Q2
20181115,2018-11-15,2018,Q4,11,November,2018-11,FY2019,FY2019 Q2
20181116,2018-11-16,2018,Q4,11,November,2018-11,FY2019,FY2019 Q2
20181117,2018-11-17,2018,Q4,11,November,2018-11,FY2019,FY2019 Q2
20181118,2018-11-18,2018,Q4,11,November,2018-11,FY2019,FY2019 Q2
20181119,2018-11-19,2018,Q4,11,November,2018-11,FY2019,FY2019 Q2
20181120,2018-11-20,2018,Q4,11,November,2018-11,FY2019,FY2019 Q2
20181121,2018-11-21,2018,Q4,11,November,2018-11,FY2019,FY2019 Q2
20181122,2018-11-22,2018,Q4,11,November,2018-11,FY2019,FY2019 Q2
20181123,2018-11-23,2018,Q4,11,November,2018-11,FY2019,FY2019 Q2
20181124,2018-11-24,2018,Q4,11,November,2018-11,FY2019,FY2019 Q2
20181125,2018-11-25,2018,Q4,11,November,2018-11,FY2019,FY2019 Q2
20181126,2018-11-26,2018,Q4,11,November,2018-11,FY2019,FY2019 Q2
20181127,2018-11-27,2018,Q4,11,November,2018-11,FY2019,FY2019 Q2
20181128,2018-11-28,2018,Q4,11,November,2018-11,FY2019,FY2019 Q2
20181129,2018-11-29,2018,Q4,11,November,2018-11,FY2019,FY2019 Q2
20181130,2018-11-30,2018,Q4,11,November,2018-11,FY2019,FY2019 Q2
20181201,2018-12-01,2018,Q4,12,December,2018-12,FY2019,FY2019 Q2
20181202,2018-12-02,2018,Q4,12,December,2018-12,FY2019,FY2019 Q2
20181203,2018-12-03,2018,Q4,12,December,2018-12,FY2019,FY2019 Q2
20181204,2018-12-04,2018,Q4,12,December,2018-12,FY2019,FY2019 Q2
20181205,2018-12-05,2018,Q4,12,December,2018-12,FY2019,FY2019 Q2
20181206,2018-12-06,2018,Q4,12,December,2018-12,FY2019,FY2019 Q2
20181207,2018-12-07,2018,Q4,12,December,2018-12,FY2019,FY2019 Q2
20181208,2018-12-08,2018,Q4,12,December,2018-12,FY2019,FY2019 Q2
20181209,2018-12-09,2018,Q4,12,December,2018-12,FY2019,FY2019 Q2
20181210,2018-12-10,2018,Q4,12,December,2018-12,FY2019,FY2019 Q2
20181211,2018-12-11,2018,Q4,12,December,2018-12,FY2019,FY2019 Q2
20181212,2018-12-12,2018,Q4,12,December,2018-12,FY2019,FY2019 Q2
20181213,2018-12-13,2018,Q4,12,December,2018-12,FY2019,FY2019 Q2
20181214,2018-12-14,2018,Q4,12,December,2018-12,FY2019,FY2019 Q2
20181215,2018-12-15,2018,Q4,12,December,2018-12,FY2019,FY2019 Q2
20181216,2018-12-16,2018,Q4,12,December,2018-12,FY2019,FY2019 Q2
20181217,2018-12-17,2018,Q4,12,December,2018-12,FY2019,FY2019 Q2
20181218,2018-12-18,2018,Q4,12,December,2018-12,FY2019,FY2019 Q2
20181219,2018-12-19,2018,Q4,12,December,2018-12,FY2019,FY2019 Q2
20181220,2018-12-20,2018,Q4,12,December,2018-12,FY2019,FY2019 Q2
20181221,2018-12-21,2018,Q4,12,December,2018-12,FY2019,FY2019 Q2
20181222,2018-12-22,2018,Q4,12,December,2018-12,FY2019,FY2019 Q2
20181223,2018-12-23,2018,Q4,12,December,2018-12,FY2019,FY2019 Q2
20181224,2018-12-24,2018,Q4,12,December,2018-12,FY2019,FY2019 Q2
20181225,2018-12-25,2018,Q4,12,December,2018-12,FY2019,FY2019 Q2
20181226,2018-12-26,2018,Q4,12,December,2018-12,FY2019,FY2019 Q2
20181227,2018-12-27,2018,Q4,12,December,2018-12,FY2019,FY2019 Q2
20181228,2018-12-28,2018,Q4,12,December,2018-12,FY2019,FY2019 Q2
20181229,2018-12-29,2018,Q4,12,December,2018-12,FY2019,FY2019 Q2
20181230,2018-12-30,2018,Q4,12,December,2018-12,FY2019,FY2019 Q2
20181231,2018-12-31,2018,Q4,12,December,2018-12,FY2019,FY2019 Q2
20190101,2019-01-01,2019,Q1,1,January,2019-01,FY2019,FY2019 Q3
20190102,2019-01-02,2019,Q1,1,January,2019-01,FY2019,FY2019 Q3
20190103,2019-01-03,2019,Q1,1,January,2019-01,FY2019,FY2019 Q3
20190104,2019-01-04,2019,Q1,1,January,2019-01,FY2019,FY2019 Q3
20190105,2019-01-05,2019,Q1,1,January,2019-01,FY2019,FY2019 Q3
20190106,2019-01-06,2019,Q1,1,January,2019-01,FY2019,FY2019 Q3
20190107,2019-01-07,2019,Q1,1,January,2019-01,FY2019,FY2019 Q3
20190108,2019-01-08,2019,Q1,1,January,2019-01,FY2019,FY2019 Q3
20190109,2019-01-09,2019,Q1,1,January,2019-01,FY2019,FY2019 Q3
20190110,2019-01-10,2019,Q1,1,January,2019-01,FY2019,FY2019 Q3
20190111,2019-01-11,2019,Q1,1,January,2019-01,FY2019,FY2019 Q3
20190112,2019-01-12,2019,Q1,1,January,2019-01,FY2019,FY2019 Q3
20190113,2019-01-13,2019,Q1,1,January,2019-01,FY2019,FY2019 Q3
20190114,2019-01-14,2019,Q1,1,January,2019-01,FY2019,FY2019 Q3
20190115,2019-01-15,2019,Q1,1,January,2019-01,FY2019,FY2019 Q3
20190116,2019-01-16,2019,Q1,1,January,2019-01,FY2019,FY2019 Q3
20190117,2019-01-17,2019,Q1,1,January,2019-01,FY2019,FY2019 Q3
20190118,2019-01-18,2019,Q1,1,January,2019-01,FY2019,FY2019 Q3
20190119,2019-01-19,2019,Q1,1,January,2019-01,FY2019,FY2019 Q3
20190120,2019-01-20,2019,Q1,1,January,2019-01,FY2019,FY2019 Q3
20190121,2019-01-21,2019,Q1,1,January,2019-01,FY2019,FY2019 Q3
20190122,2019-01-22,2019,Q1,1,January,2019-01,FY2019,FY2019 Q3
20190123,2019-01-23,2019,Q1,1,January,2019-01,FY2019,FY2019 Q3
20190124,2019-01-24,2019,Q1,1,January,2019-01,FY2019,FY2019 Q3
20190125,2019-01-25,2019,Q1,1,January,2019-01,FY2019,FY2019 Q3
20190126,2019-01-26,2019,Q1,1,January,2019-01,FY2019,FY2019 Q3
20190127,2019-01-27,2019,Q1,1,January,2019-01,FY2019,FY2019 Q3
20190128,2019-01-28,2019,Q1,1,January,2019-01,FY2019,FY2019 Q3
20190129,2019-01-29,2019,Q1,1,January,2019-01,FY2019,FY2019 Q3
20190130,2019-01-30,2019,Q1,1,January,2019-01,FY2019,FY2019 Q3
20190131,2019-01-31,2019,Q1,1,January,2019-01,FY2019,FY2019 Q3
20190201,2019-02-01,2019,Q1,2,February,2019-02,FY2019,FY2019 Q3
20190202,2019-02-02,2019,Q1,2,February,2019-02,FY2019,FY2019 Q3
20190203,2019-02-03,2019,Q1,2,February,2019-02,FY2019,FY2019 Q3
20190204,2019-02-04,2019,Q1,2,February,2019-02,FY2019,FY2019 Q3
20190205,2019-02-05,2019,Q1,2,February,2019-02,FY2019,FY2019 Q3
20190206,2019-02-06,2019,Q1,2,February,2019-02,FY2019,FY2019 Q3
20190207,2019-02-07,2019,Q1,2,February,2019-02,FY2019,FY2019 Q3
20190208,2019-02-08,2019,Q1,2,February,2019-02,FY2019,FY2019 Q3
20190209,2019-02-09,2019,Q1,2,February,2019-02,FY2019,FY2019 Q3
20190210,2019-02-10,2019,Q1,2,February,2019-02,FY2019,FY2019 Q3
20190211,2019-02-11,2019,Q1,2,February,2019-02,FY2019,FY2019 Q3
20190212,2019-02-12,2019,Q1,2,February,2019-02,FY2019,FY2019 Q3
20190213,2019-02-13,2019,Q1,2,February,2019-02,FY2019,FY2019 Q3
20190214,2019-02-14,2019,Q1,2,February,2019-02,FY2019,FY2019 Q3
20190215,2019-02-15,2019,Q1,2,February,2019-02,FY2019,FY2019 Q3
20190216,2019-02-16,2019,Q1,2,February,2019-02,FY2019,FY2019 Q3
20190217,2019-02-17,2019,Q1,2,February,2019-02,FY2019,FY2019 Q3
20190218,2019-02-18,2019,Q1,2,February,2019-02,FY2019,FY2019 Q3
20190219,2019-02-19,2019,Q1,2,February,2019-02,FY2019,FY2019 Q3
20190220,2019-02-20,2019,Q1,2,February,2019-02,FY2019,FY2019 Q3
20190221,2019-02-21,2019,Q1,2,February,2019-02,FY2019,FY2019 Q3
20190222,2019-02-22,2019,Q1,2,February,2019-02,FY2019,FY2019 Q3
20190223,2019-02-23,2019,Q1,2,February,2019-02,FY2019,FY2019 Q3
20190224,2019-02-24,2019,Q1,2,February,2019-02,FY2019,FY2019 Q3
20190225,2019-02-25,2019,Q1,2,February,2019-02,FY2019,FY2019 Q3
20190226,2019-02-26,2019,Q1,2,February,2019-02,FY2019,FY2019 Q3
20190227,2019-02-27,2019,Q1,2,February,2019-02,FY2019,FY2019 Q3
20190228,2019-02-28,2019,Q1,2,February,2019-02,FY2019,FY2019 Q3
20190301,2019-03-01,2019,Q1,3,March,2019-03,FY2019,FY2019 Q3
20190302,2019-03-02,2019,Q1,3,March,2019-03,FY2019,FY2019 Q3
20190303,2019-03-03,2019,Q1,3,March,2019-03,FY2019,FY2019 Q3
20190304,2019-03-04,2019,Q1,3,March,2019-03,FY2019,FY2019 Q3
20190305,2019-03-05,2019,Q1,3,March,2019-03,FY2019,FY2019 Q3
20190306,2019-03-06,2019,Q1,3,March,2019-03,FY2019,FY2019 Q3
20190307,2019-03-07,2019,Q1,3,March,2019-03,FY2019,FY2019 Q3
20190308,2019-03-08,2019,Q1,3,March,2019-03,FY2019,FY2019 Q3
20190309,2019-03-09,2019,Q1,3,March,2019-03,FY2019,FY2019 Q3
20190310,2019-03-10,2019,Q1,3,March,2019-03,FY2019,FY2019 Q3
20190311,2019-03-11,2019,Q1,3,March,2019-03,FY2019,FY2019 Q3
20190312,2019-03-12,2019,Q1,3,March,2019-03,FY2019,FY2019 Q3
20190313,2019-03-13,2019,Q1,3,March,2019-03,FY2019,FY2019 Q3
20190314,2019-03-14,2019,Q1,3,March,2019-03,FY2019,FY2019 Q3
20190315,2019-03-15,2019,Q1,3,March,2019-03,FY2019,FY2019 Q3
20190316,2019-03-16,2019,Q1,3,March,2019-03,FY2019,FY2019 Q3
20190317,2019-03-17,2019,Q1,3,March,2019-03,FY2019,FY2019 Q3
20190318,2019-03-18,2019,Q1,3,March,2019-03,FY2019,FY2019 Q3
20190319,2019-03-19,2019,Q1,3,March,2019-03,FY2019,FY2019 Q3
20190320,2019-03-20,2019,Q1,3,March,2019-03,FY2019,FY2019 Q3
20190321,2019-03-21,2019,Q1,3,March,2019-03,FY2019,FY2019 Q3
20190322,2019-03-22,2019,Q1,3,March,2019-03,FY2019,FY2019 Q3
20190323,2019-03-23,2019,Q1,3,March,2019-03,FY2019,FY2019 Q3
20190324,2019-03-24,2019,Q1,3,March,2019-03,FY2019,FY2019 Q3
20190325,2019-03-25,2019,Q1,3,March,2019-03,FY2019,FY2019 Q3
20190326,2019-03-26,2019,Q1,3,March,2019-03,FY2019,FY2019 Q3
20190327,2019-03-27,2019,Q1,3,March,2019-03,FY2019,FY2019 Q3
20190328,2019-03-28,2019,Q1,3,March,2019-03,FY2019,FY2019 Q3
20190329,2019-03-29,2019,Q1,3,March,2019-03,FY2019,FY2019 Q3
20190330,2019-03-30,2019,Q1,3,March,2019-03,FY2019,FY2019 Q3
20190331,2019-03-31,2019,Q1,3,March,2019-03,FY2019,FY2019 Q3
20190401,2019-04-01,2019,Q2,4,April,2019-04,FY2019,FY2019 Q4
20190402,2019-04-02,2019,Q2,4,April,2019-04,FY2019,FY2019 Q4
20190403,2019-04-03,2019,Q2,4,April,2019-04,FY2019,FY2019 Q4
20190404,2019-04-04,2019,Q2,4,April,2019-04,FY2019,FY2019 Q4
20190405,2019-04-05,2019,Q2,4,April,2019-04,FY2019,FY2019 Q4
20190406,2019-04-06,2019,Q2,4,April,2019-04,FY2019,FY2019 Q4
20190407,2019-04-07,2019,Q2,4,April,2019-04,FY2019,FY2019 Q4
20190408,2019-04-08,2019,Q2,4,April,2019-04,FY2019,FY2019 Q4
20190409,2019-04-09,2019,Q2,4,April,2019-04,FY2019,FY2019 Q4
20190410,2019-04-10,2019,Q2,4,April,2019-04,FY2019,FY2019 Q4
20190411,2019-04-11,2019,Q2,4,April,2019-04,FY2019,FY2019 Q4
20190412,2019-04-12,2019,Q2,4,April,2019-04,FY2019,FY2019 Q4
20190413,2019-04-13,2019,Q2,4,April,2019-04,FY2019,FY2019 Q4
20190414,2019-04-14,2019,Q2,4,April,2019-04,FY2019,FY2019 Q4
20190415,2019-04-15,2019,Q2,4,April,2019-04,FY2019,FY2019 Q4
20190416,2019-04-16,2019,Q2,4,April,2019-04,FY2019,FY2019 Q4
20190417,2019-04-17,2019,Q2,4,April,2019-04,FY2019,FY2019 Q4
20190418,2019-04-18,2019,Q2,4,April,2019-04,FY2019,FY2019 Q4
20190419,2019-04-19,2019,Q2,4,April,2019-04,FY2019,FY2019 Q4
20190420,2019-04-20,2019,Q2,4,April,2019-04,FY2019,FY2019 Q4
20190421,2019-04-21,2019,Q2,4,April,2019-04,FY2019,FY2019 Q4
20190422,2019-04-22,2019,Q2,4,April,2019-04,FY2019,FY2019 Q4
20190423,2019-04-23,2019,Q2,4,April,2019-04,FY2019,FY2019 Q4
20190424,2019-04-24,2019,Q2,4,April,2019-04,FY2019,FY2019 Q4
20190425,2019-04-25,2019,Q2,4,April,2019-04,FY2019,FY2019 Q4
20190426,2019-04-26,2019,Q2,4,April,2019-04,FY2019,FY2019 Q4
20190427,2019-04-27,2019,Q2,4,April,2019-04,FY2019,FY2019 Q4
20190428,2019-04-28,2019,Q2,4,April,2019-04,FY2019,FY2019 Q4
20190429,2019-04-29,2019,Q2,4,April,2019-04,FY2019,FY2019 Q4
20190430,2019-04-30,2019,Q2,4,April,2019-04,FY2019,FY2019 Q4
20190501,2019-05-01,2019,Q2,5,May,2019-05,FY2019,FY2019 Q4
20190502,2019-05-02,2019,Q2,5,May,2019-05,FY2019,FY2019 Q4
20190503,2019-05-03,2019,Q2,5,May,2019-05,FY2019,FY2019 Q4
20190504,2019-05-04,2019,Q2,5,May,2019-05,FY2019,FY2019 Q4
20190505,2019-05-05,2019,Q2,5,May,2019-05,FY2019,FY2019 Q4
20190506,2019-05-06,2019,Q2,5,May,2019-05,FY2019,FY2019 Q4
20190507,2019-05-07,2019,Q2,5,May,2019-05,FY2019,FY2019 Q4
20190508,2019-05-08,2019,Q2,5,May,2019-05,FY2019,FY2019 Q4
20190509,2019-05-09,2019,Q2,5,May,2019-05,FY2019,FY2019 Q4
20190510,2019-05-10,2019,Q2,5,May,2019-05,FY2019,FY2019 Q4
20190511,2019-05-11,2019,Q2,5,May,2019-05,FY2019,FY2019 Q4
20190512,2019-05-12,2019,Q2,5,May,2019-05,FY2019,FY2019 Q4
20190513,2019-05-13,2019,Q2,5,May,2019-05,FY2019,FY2019 Q4
20190514,2019-05-14,2019,Q2,5,May,2019-05,FY2019,FY2019 Q4
20190515,2019-05-15,2019,Q2,5,May,2019-05,FY2019,FY2019 Q4
20190516,2019-05-16,2019,Q2,5,May,2019-05,FY2019,FY2019 Q4
20190517,2019-05-17,2019,Q2,5,May,2019-05,FY2019,FY2019 Q4
20190518,2019-05-18,2019,Q2,5,May,2019-05,FY2019,FY2019 Q4
20190519,2019-05-19,2019,Q2,5,May,2019-05,FY2019,FY2019 Q4
20190520,2019-05-20,2019,Q2,5,May,2019-05,FY2019,FY2019 Q4
20190521,2019-05-21,2019,Q2,5,May,2019-05,FY2019,FY2019 Q4
20190522,2019-05-22,2019,Q2,5,May,2019-05,FY2019,FY2019 Q4
20190523,2019-05-23,2019,Q2,5,May,2019-05,FY2019,FY2019 Q4
20190524,2019-05-24,2019,Q2,5,May,2019-05,FY2019,FY2019 Q4
20190525,2019-05-25,2019,Q2,5,May,2019-05,FY2019,FY2019 Q4
20190526,2019-05-26,2019,Q2,5,May,2019-05,FY2019,FY2019 Q4
20190527,2019-05-27,2019,Q2,5,May,2019-05,FY2019,FY2019 Q4
20190528,2019-05-28,2019,Q2,5,May,2019-05,FY2019,FY2019 Q4
20190529,2019-05-29,2019,Q2,5,May,2019-05,FY2019,FY2019 Q4
20190530,2019-05-30,2019,Q2,5,May,2019-05,FY2019,FY2019 Q4
20190531,2019-05-31,2019,Q2,5,May,2019-05,FY2019,FY2019 Q4
20190601,2019-06-01,2019,Q2,6,June,2019-06,FY2019,FY2019 Q4
20190602,2019-06-02,2019,Q2,6,June,2019-06,FY2019,FY2019 Q4
20190603,2019-06-03,2019,Q2,6,June,2019-06,FY2019,FY2019 Q4
20190604,2019-06-04,2019,Q2,6,June,2019-06,FY2019,FY2019 Q4
20190605,2019-06-05,2019,Q2,6,June,2019-06,FY2019,FY2019 Q4
20190606,2019-06-06,2019,Q2,6,June,2019-06,FY2019,FY2019 Q4
20190607,2019-06-07,2019,Q2,6,June,2019-06,FY2019,FY2019 Q4
20190608,2019-06-08,2019,Q2,6,June,2019-06,FY2019,FY2019 Q4
20190609,2019-06-09,2019,Q2,6,June,2019-06,FY2019,FY2019 Q4
20190610,2019-06-10,2019,Q2,6,June,2019-06,FY2019,FY2019 Q4
20190611,2019-06-11,2019,Q2,6,June,2019-06,FY2019,FY2019 Q4
20190612,2019-06-12,2019,Q2,6,June,2019-06,FY2019,FY2019 Q4
20190613,2019-06-13,2019,Q2,6,June,2019-06,FY2019,FY2019 Q4
20190614,2019-06-14,2019,Q2,6,June,2019-06,FY2019,FY2019 Q4
20190615,2019-06-15,2019,Q2,6,June,2019-06,FY2019,FY2019 Q4
20190616,2019-06-16,2019,Q2,6,June,2019-06,FY2019,FY2019 Q4
20190617,2019-06-17,2019,Q2,6,June,2019-06,FY2019,FY2019 Q4
20190618,2019-06-18,2019,Q2,6,June,2019-06,FY2019,FY2019 Q4
20190619,2019-06-19,2019,Q2,6,June,2019-06,FY2019,FY2019 Q4
20190620,2019-06-20,2019,Q2,6,June,2019-06,FY2019,FY2019 Q4
20190621,2019-06-21,2019,Q2,6,June,2019-06,FY2019,FY2019 Q4
20190622,2019-06-22,2019,Q2,6,June,2019-06,FY2019,FY2019 Q4
20190623,2019-06-23,2019,Q2,6,June,2019-06,FY2019,FY2019 Q4
20190624,2019-06-24,2019,Q2,6,June,2019-06,FY2019,FY2019 Q4
20190625,2019-06-25,2019,Q2,6,June,2019-06,FY2019,FY2019 Q4
20190626,2019-06-26,2019,Q2,6,June,2019-06,FY2019,FY2019 Q4
20190627,2019-06-27,2019,Q2,6,June,2019-06,FY2019,FY2019 Q4
20190628,2019-06-28,2019,Q2,6,June,2019-06,FY2019,FY2019 Q4
20190629,2019-06-29,2019,Q2,6,June,2019-06,FY2019,FY2019 Q4
20190630,2019-06-30,2019,Q2,6,June,2019-06,FY2019,FY2019 Q4
20190701,2019-07-01,2019,Q3,7,July,2019-07,FY2020,FY2020 Q1
20190702,2019-07-02,2019,Q3,7,July,2019-07,FY2020,FY2020 Q1
20190703,2019-07-03,2019,Q3,7,July,2019-07,FY2020,FY2020 Q1
20190704,2019-07-04,2019,Q3,7,July,2019-07,FY2020,FY2020 Q1
20190705,2019-07-05,2019,Q3,7,July,2019-07,FY2020,FY2020 Q1
20190706,2019-07-06,2019,Q3,7,July,2019-07,FY2020,FY2020 Q1
20190707,2019-07-07,2019,Q3,7,July,2019-07,FY2020,FY2020 Q1
20190708,2019-07-08,2019,Q3,7,July,2019-07,FY2020,FY2020 Q1
20190709,2019-07-09,2019,Q3,7,July,2019-07,FY2020,FY2020 Q1
20190710,2019-07-10,2019,Q3,7,July,2019-07,FY2020,FY2020 Q1
20190711,2019-07-11,2019,Q3,7,July,2019-07,FY2020,FY2020 Q1
20190712,2019-07-12,2019,Q3,7,July,2019-07,FY2020,FY2020 Q1
20190713,2019-07-13,2019,Q3,7,July,2019-07,FY2020,FY2020 Q1
20190714,2019-07-14,2019,Q3,7,July,2019-07,FY2020,FY2020 Q1
20190715,2019-07-15,2019,Q3,7,July,2019-07,FY2020,FY2020 Q1
20190716,2019-07-16,2019,Q3,7,July,2019-07,FY2020,FY2020 Q1
20190717,2019-07-17,2019,Q3,7,July,2019-07,FY2020,FY2020 Q1
20190718,2019-07-18,2019,Q3,7,July,2019-07,FY2020,FY2020 Q1
20190719,2019-07-19,2019,Q3,7,July,2019-07,FY2020,FY2020 Q1
20190720,2019-07-20,2019,Q3,7,July,2019-07,FY2020,FY2020 Q1
20190721,2019-07-21,2019,Q3,7,July,2019-07,FY2020,FY2020 Q1
20190722,2019-07-22,2019,Q3,7,July,2019-07,FY2020,FY2020 Q1
20190723,2019-07-23,2019,Q3,7,July,2019-07,FY2020,FY2020 Q1
20190724,2019-07-24,2019,Q3,7,July,2019-07,FY2020,FY2020 Q1
20190725,2019-07-25,2019,Q3,7,July,2019-07,FY2020,FY2020 Q1
20190726,2019-07-26,2019,Q3,7,July,2019-07,FY2020,FY2020 Q1
20190727,2019-07-27,2019,Q3,7,July,2019-07,FY2020,FY2020 Q1
20190728,2019-07-28,2019,Q3,7,July,2019-07,FY2020,FY2020 Q1
20190729,2019-07-29,2019,Q3,7,July,2019-07,FY2020,FY2020 Q1
20190730,2019-07-30,2019,Q3,7,July,2019-07,FY2020,FY2020 Q1
20190731,2019-07-31,2019,Q3,7,July,2019-07,FY2020,FY2020 Q1
20190801,2019-08-01,2019,Q3,8,August,2019-08,FY2020,FY2020 Q1
20190802,2019-08-02,2019,Q3,8,August,2019-08,FY2020,FY2020 Q1
20190803,2019-08-03,2019,Q3,8,August,2019-08,FY2020,FY2020 Q1
20190804,2019-08-04,2019,Q3,8,August,2019-08,FY2020,FY2020 Q1
20190805,2019-08-05,2019,Q3,8,August,2019-08,FY2020,FY2020 Q1
20190806,2019-08-06,2019,Q3,8,August,2019-08,FY2020,FY2020 Q1
20190807,2019-08-07,2019,Q3,8,August,2019-08,FY2020,FY2020 Q1
20190808,2019-08-08,2019,Q3,8,August,2019-08,FY2020,FY2020 Q1
20190809,2019-08-09,2019,Q3,8,August,2019-08,FY2020,FY2020 Q1
20190810,2019-08-10,2019,Q3,8,August,2019-08,FY2020,FY2020 Q1
20190811,2019-08-11,2019,Q3,8,August,2019-08,FY2020,FY2020 Q1
20190812,2019-08-12,2019,Q3,8,August,2019-08,FY2020,FY2020 Q1
20190813,2019-08-13,2019,Q3,8,August,2019-08,FY2020,FY2020 Q1
20190814,2019-08-14,2019,Q3,8,August,2019-08,FY2020,FY2020 Q1
20190815,2019-08-15,2019,Q3,8,August,2019-08,FY2020,FY2020 Q1
20190816,2019-08-16,2019,Q3,8,August,2019-08,FY2020,FY2020 Q1
20190817,2019-08-17,2019,Q3,8,August,2019-08,FY2020,FY2020 Q1
20190818,2019-08-18,2019,Q3,8,August,2019-08,FY2020,FY2020 Q1
20190819,2019-08-19,2019,Q3,8,August,2019-08,FY2020,FY2020 Q1
20190820,2019-08-20,2019,Q3,8,August,2019-08,FY2020,FY2020 Q1
20190821,2019-08-21,2019,Q3,8,August,2019-08,FY2020,FY2020 Q1
20190822,2019-08-22,2019,Q3,8,August,2019-08,FY2020,FY2020 Q1
20190823,2019-08-23,2019,Q3,8,August,2019-08,FY2020,FY2020 Q1
20190824,2019-08-24,2019,Q3,8,August,2019-08,FY2020,FY2020 Q1
20190825,2019-08-25,2019,Q3,8,August,2019-08,FY2020,FY2020 Q1
20190826,2019-08-26,2019,Q3,8,August,2019-08,FY2020,FY2020 Q1
20190827,2019-08-27,2019,Q3,8,August,2019-08,FY2020,FY2020 Q1
20190828,2019-08-28,2019,Q3,8,August,2019-08,FY2020,FY2020 Q1
20190829,2019-08-29,2019,Q3,8,August,2019-08,FY2020,FY2020 Q1
20190830,2019-08-30,2019,Q3,8,August,2019-08,FY2020,FY2020 Q1
20190831,2019-08-31,2019,Q3,8,August,2019-08,FY2020,FY2020 Q1
20190901,2019-09-01,2019,Q3,9,September,2019-09,FY2020,FY2020 Q1
20190902,2019-09-02,2019,Q3,9,September,2019-09,FY2020,FY2020 Q1
20190903,2019-09-03,2019,Q3,9,September,2019-09,FY2020,FY2020 Q1
20190904,2019-09-04,2019,Q3,9,September,2019-09,FY2020,FY2020 Q1
20190905,2019-09-05,2019,Q3,9,September,2019-09,FY2020,FY2020 Q1
20190906,2019-09-06,2019,Q3,9,September,2019-09,FY2020,FY2020 Q1
20190907,2019-09-07,2019,Q3,9,September,2019-09,FY2020,FY2020 Q1
20190908,2019-09-08,2019,Q3,9,September,2019-09,FY2020,FY2020 Q1
20190909,2019-09-09,2019,Q3,9,September,2019-09,FY2020,FY2020 Q1
20190910,2019-09-10,2019,Q3,9,September,2019-09,FY2020,FY2020 Q1
20190911,2019-09-11,2019,Q3,9,September,2019-09,FY2020,FY2020 Q1
20190912,2019-09-12,2019,Q3,9,September,2019-09,FY2020,FY2020 Q1
20190913,2019-09-13,2019,Q3,9,September,2019-09,FY2020,FY2020 Q1
20190914,2019-09-14,2019,Q3,9,September,2019-09,FY2020,FY2020 Q1
20190915,2019-09-15,2019,Q3,9,September,2019-09,FY2020,FY2020 Q1
20190916,2019-09-16,2019,Q3,9,September,2019-09,FY2020,FY2020 Q1
20190917,2019-09-17,2019,Q3,9,September,2019-09,FY2020,FY2020 Q1
20190918,2019-09-18,2019,Q3,9,September,2019-09,FY2020,FY2020 Q1
20190919,2019-09-19,2019,Q3,9,September,2019-09,FY2020,FY2020 Q1
20190920,2019-09-20,2019,Q3,9,September,2019-09,FY2020,FY2020 Q1
20190921,2019-09-21,2019,Q3,9,September,2019-09,FY2020,FY2020 Q1
20190922,2019-09-22,2019,Q3,9,September,2019-09,FY2020,FY2020 Q1
20190923,2019-09-23,2019,Q3,9,September,2019-09,FY2020,FY2020 Q1
20190924,2019-09-24,2019,Q3,9,September,2019-09,FY2020,FY2020 Q1
20190925,2019-09-25,2019,Q3,9,September,2019-09,FY2020,FY2020 Q1
20190926,2019-09-26,2019,Q3,9,September,2019-09,FY2020,FY2020 Q1
20190927,2019-09-27,2019,Q3,9,September,2019-09,FY2020,FY2020 Q1
20190928,2019-09-28,2019,Q3,9,September,2019-09,FY2020,FY2020 Q1
20190929,2019-09-29,2019,Q3,9,September,2019-09,FY2020,FY2020 Q1
20190930,2019-09-30,2019,Q3,9,September,2019-09,FY2020,FY2020 Q1
20191001,2019-10-01,2019,Q4,10,October,2019-10,FY2020,FY2020 Q2
20191002,2019-10-02,2019,Q4,10,October,2019-10,FY2020,FY2020 Q2
20191003,2019-10-03,2019,Q4,10,October,2019-10,FY2020,FY2020 Q2
20191004,2019-10-04,2019,Q4,10,October,2019-10,FY2020,FY2020 Q2
20191005,2019-10-05,2019,Q4,10,October,2019-10,FY2020,FY2020 Q2
20191006,2019-10-06,2019,Q4,10,October,2019-10,FY2020,FY2020 Q2
20191007,2019-10-07,2019,Q4,10,October,2019-10,FY2020,FY2020 Q2
20191008,2019-10-08,2019,Q4,10,October,2019-10,FY2020,FY2020 Q2
20191009,2019-10-09,2019,Q4,10,October,2019-10,FY2020,FY2020 Q2
20191010,2019-10-10,2019,Q4,10,October,2019-10,FY2020,FY2020 Q2
20191011,2019-10-11,2019,Q4,10,October,2019-10,FY2020,FY2020 Q2
20191012,2019-10-12,2019,Q4,10,October,2019-10,FY2020,FY2020 Q2
20191013,2019-10-13,2019,Q4,10,October,2019-10,FY2020,FY2020 Q2
20191014,2019-10-14,2019,Q4,10,October,2019-10,FY2020,FY2020 Q2
20191015,2019-10-15,2019,Q4,10,October,2019-10,FY2020,FY2020 Q2
20191016,2019-10-16,2019,Q4,10,October,2019-10,FY2020,FY2020 Q2
20191017,2019-10-17,2019,Q4,10,October,2019-10,FY2020,FY2020 Q2
20191018,2019-10-18,2019,Q4,10,October,2019-10,FY2020,FY2020 Q2
20191019,2019-10-19,2019,Q4,10,October,2019-10,FY2020,FY2020 Q2
20191020,2019-10-20,2019,Q4,10,October,2019-10,FY2020,FY2020 Q2
20191021,2019-10-21,2019,Q4,10,October,2019-10,FY2020,FY2020 Q2
20191022,2019-10-22,2019,Q4,10,October,2019-10,FY2020,FY2020 Q2
20191023,2019-10-23,2019,Q4,10,October,2019-10,FY2020,FY2020 Q2
20191024,2019-10-24,2019,Q4,10,October,2019-10,FY2020,FY2020 Q2
20191025,2019-10-25,2019,Q4,10,October,2019-10,FY2020,FY2020 Q2
20191026,2019-10-26,2019,Q4,10,October,2019-10,FY2020,FY2020 Q2
20191027,2019-10-27,2019,Q4,10,October,2019-10,FY2020,FY2020 Q2
20191028,2019-10-28,2019,Q4,10,October,2019-10,FY2020,FY2020 Q2
20191029,2019-10-29,2019,Q4,10,October,2019-10,FY2020,FY2020 Q2
20191030,2019-10-30,2019,Q4,10,October,2019-10,FY2020,FY2020 Q2
20191031,2019-10-31,2019,Q4,10,October,2019-10,FY2020,FY2020 Q2
20191101,2019-11-01,2019,Q4,11,November,2019-11,FY2020,FY2020 Q2
20191102,2019-11-02,2019,Q4,11,November,2019-11,FY2020,FY2020 Q2
20191103,2019-11-03,2019,Q4,11,November,2019-11,FY2020,FY2020 Q2
20191104,2019-11-04,2019,Q4,11,November,2019-11,FY2020,FY2020 Q2
20191105,2019-11-05,2019,Q4,11,November,2019-11,FY2020,FY2020 Q2
20191106,2019-11-06,2019,Q4,11,November,2019-11,FY2020,FY2020 Q2
20191107,2019-11-07,2019,Q4,11,November,2019-11,FY2020,FY2020 Q2
20191108,2019-11-08,2019,Q4,11,November,2019-11,FY2020,FY2020 Q2
20191109,2019-11-09,2019,Q4,11,November,2019-11,FY2020,FY2020 Q2
20191110,2019-11-10,2019,Q4,11,November,2019-11,FY2020,FY2020 Q2
20191111,2019-11-11,2019,Q4,11,November,2019-11,FY2020,FY2020 Q2
20191112,2019-11-12,2019,Q4,11,November,2019-11,FY2020,FY2020 Q2
20191113,2019-11-13,2019,Q4,11,November,2019-11,FY2020,FY2020 Q2
20191114,2019-11-14,2019,Q4,11,November,2019-11,FY2020,FY2020 Q2
20191115,2019-11-15,2019,Q4,11,November,2019-11,FY2020,FY2020 Q2
20191116,2019-11-16,2019,Q4,11,November,2019-11,FY2020,FY2020 Q2
20191117,2019-11-17,2019,Q4,11,November,2019-11,FY2020,FY2020 Q2
20191118,2019-11-18,2019,Q4,11,November,2019-11,FY2020,FY2020 Q2
20191119,2019-11-19,2019,Q4,11,November,2019-11,FY2020,FY2020 Q2
20191120,2019-11-20,2019,Q4,11,November,2019-11,FY2020,FY2020 Q2
20191121,2019-11-21,2019,Q4,11,November,2019-11,FY2020,FY2020 Q2
20191122,2019-11-22,2019,Q4,11,November,2019-11,FY2020,FY2020 Q2
20191123,2019-11-23,2019,Q4,11,November,2019-11,FY2020,FY2020 Q2
20191124,2019-11-24,2019,Q4,11,November,2019-11,FY2020,FY2020 Q2
20191125,2019-11-25,2019,Q4,11,November,2019-11,FY2020,FY2020 Q2
20191126,2019-11-26,2019,Q4,11,November,2019-11,FY2020,FY2020 Q2
20191127,2019-11-27,2019,Q4,11,November,2019-11,FY2020,FY2020 Q2
20191128,2019-11-28,2019,Q4,11,November,2019-11,FY2020,FY2020 Q2
20191129,2019-11-29,2019,Q4,11,November,2019-11,FY2020,FY2020 Q2
20191130,2019-11-30,2019,Q4,11,November,2019-11,FY2020,FY2020 Q2
20191201,2019-12-01,2019,Q4,12,December,2019-12,FY2020,FY2020 Q2
20191202,2019-12-02,2019,Q4,12,December,2019-12,FY2020,FY2020 Q2
20191203,2019-12-03,2019,Q4,12,December,2019-12,FY2020,FY2020 Q2
20191204,2019-12-04,2019,Q4,12,December,2019-12,FY2020,FY2020 Q2
20191205,2019-12-05,2019,Q4,12,December,2019-12,FY2020,FY2020 Q2
20191206,2019-12-06,2019,Q4,12,December,2019-12,FY2020,FY2020 Q2
20191207,2019-12-07,2019,Q4,12,December,2019-12,FY2020,FY2020 Q2
20191208,2019-12-08,2019,Q4,12,December,2019-12,FY2020,FY2020 Q2
20191209,2019-12-09,2019,Q4,12,December,2019-12,FY2020,FY2020 Q2
20191210,2019-12-10,2019,Q4,12,December,2019-12,FY2020,FY2020 Q2
20191211,2019-12-11,2019,Q4,12,December,2019-12,FY2020,FY2020 Q2
20191212,2019-12-12,2019,Q4,12,December,2019-12,FY2020,FY2020 Q2
20191213,2019-12-13,2019,Q4,12,December,2019-12,FY2020,FY2020 Q2
20191214,2019-12-14,2019,Q4,12,December,2019-12,FY2020,FY2020 Q2
20191215,2019-12-15,2019,Q4,12,December,2019-12,FY2020,FY2020 Q2
20191216,2019-12-16,2019,Q4,12,December,2019-12,FY2020,FY2020 Q2
20191217,2019-12-17,2019,Q4,12,December,2019-12,FY2020,FY2020 Q2
20191218,2019-12-18,2019,Q4,12,December,2019-12,FY2020,FY2020 Q2
20191219,2019-12-19,2019,Q4,12,December,2019-12,FY2020,FY2020 Q2
20191220,2019-12-20,2019,Q4,12,December,2019-12,FY2020,FY2020 Q2
20191221,2019-12-21,2019,Q4,12,December,2019-12,FY2020,FY2020 Q2
20191222,2019-12-22,2019,Q4,12,December,2019-12,FY2020,FY2020 Q2
20191223,2019-12-23,2019,Q4,12,December,2019-12,FY2020,FY2020 Q2
20191224,2019-12-24,2019,Q4,12,December,2019-12,FY2020,FY2020 Q2
20191225,2019-12-25,2019,Q4,12,December,2019-12,FY2020,FY2020 Q2
20191226,2019-12-26,2019,Q4,12,December,2019-12,FY2020,FY2020 Q2
20191227,2019-12-27,2019,Q4,12,December,2019-12,FY2020,FY2020 Q2
20191228,2019-12-28,2019,Q4,12,December,2019-12,FY2020,FY2020 Q2
20191229,2019-12-29,2019,Q4,12,December,2019-12,FY2020,FY2020 Q2
20191230,2019-12-30,2019,Q4,12,December,2019-12,FY2020,FY2020 Q2
20191231,2019-12-31,2019,Q4,12,December,2019-12,FY2020,FY2020 Q2
20200101,2020-01-01,2020,Q1,1,January,2020-01,FY2020,FY2020 Q3
20200102,2020-01-02,2020,Q1,1,January,2020-01,FY2020,FY2020 Q3
20200103,2020-01-03,2020,Q1,1,January,2020-01,FY2020,FY2020 Q3
20200104,2020-01-04,2020,Q1,1,January,2020-01,FY2020,FY2020 Q3
20200105,2020-01-05,2020,Q1,1,January,2020-01,FY2020,FY2020 Q3
20200106,2020-01-06,2020,Q1,1,January,2020-01,FY2020,FY2020 Q3
20200107,2020-01-07,2020,Q1,1,January,2020-01,FY2020,FY2020 Q3
20200108,2020-01-08,2020,Q1,1,January,2020-01,FY2020,FY2020 Q3
20200109,2020-01-09,2020,Q1,1,January,2020-01,FY2020,FY2020 Q3
20200110,2020-01-10,2020,Q1,1,January,2020-01,FY2020,FY2020 Q3
20200111,2020-01-11,2020,Q1,1,January,2020-01,FY2020,FY2020 Q3
20200112,2020-01-12,2020,Q1,1,January,2020-01,FY2020,FY2020 Q3
20200113,2020-01-13,2020,Q1,1,January,2020-01,FY2020,FY2020 Q3
20200114,2020-01-14,2020,Q1,1,January,2020-01,FY2020,FY2020 Q3
20200115,2020-01-15,2020,Q1,1,January,2020-01,FY2020,FY2020 Q3
20200116,2020-01-16,2020,Q1,1,January,2020-01,FY2020,FY2020 Q3
20200117,2020-01-17,2020,Q1,1,January,2020-01,FY2020,FY2020 Q3
20200118,2020-01-18,2020,Q1,1,January,2020-01,FY2020,FY2020 Q3
20200119,2020-01-19,2020,Q1,1,January,2020-01,FY2020,FY2020 Q3
20200120,2020-01-20,2020,Q1,1,January,2020-01,FY2020,FY2020 Q3
20200121,2020-01-21,2020,Q1,1,January,2020-01,FY2020,FY2020 Q3
20200122,2020-01-22,2020,Q1,1,January,2020-01,FY2020,FY2020 Q3
20200123,2020-01-23,2020,Q1,1,January,2020-01,FY2020,FY2020 Q3
20200124,2020-01-24,2020,Q1,1,January,2020-01,FY2020,FY2020 Q3
20200125,2020-01-25,2020,Q1,1,January,2020-01,FY2020,FY2020 Q3
20200126,2020-01-26,2020,Q1,1,January,2020-01,FY2020,FY2020 Q3
20200127,2020-01-27,2020,Q1,1,January,2020-01,FY2020,FY2020 Q3
20200128,2020-01-28,2020,Q1,1,January,2020-01,FY2020,FY2020 Q3
20200129,2020-01-29,2020,Q1,1,January,2020-01,FY2020,FY2020 Q3
20200130,2020-01-30,2020,Q1,1,January,2020-01,FY2020,FY2020 Q3
20200131,2020-01-31,2020,Q1,1,January,2020-01,FY2020,FY2020 Q3
20200201,2020-02-01,2020,Q1,2,February,2020-02,FY2020,FY2020 Q3
20200202,2020-02-02,2020,Q1,2,February,2020-02,FY2020,FY2020 Q3
20200203,2020-02-03,2020,Q1,2,February,2020-02,FY2020,FY2020 Q3
20200204,2020-02-04,2020,Q1,2,February,2020-02,FY2020,FY2020 Q3
20200205,2020-02-05,2020,Q1,2,February,2020-02,FY2020,FY2020 Q3
20200206,2020-02-06,2020,Q1,2,February,2020-02,FY2020,FY2020 Q3
20200207,2020-02-07,2020,Q1,2,February,2020-02,FY2020,FY2020 Q3
20200208,2020-02-08,2020,Q1,2,February,2020-02,FY2020,FY2020 Q3
20200209,2020-02-09,2020,Q1,2,February,2020-02,FY2020,FY2020 Q3
20200210,2020-02-10,2020,Q1,2,February,2020-02,FY2020,FY2020 Q3
20200211,2020-02-11,2020,Q1,2,February,2020-02,FY2020,FY2020 Q3
20200212,2020-02-12,2020,Q1,2,February,2020-02,FY2020,FY2020 Q3
20200213,2020-02-13,2020,Q1,2,February,2020-02,FY2020,FY2020 Q3
20200214,2020-02-14,2020,Q1,2,February,2020-02,FY2020,FY2020 Q3
20200215,2020-02-15,2020,Q1,2,February,2020-02,FY2020,FY2020 Q3
20200216,2020-02-16,2020,Q1,2,February,2020-02,FY2020,FY2020 Q3
20200217,2020-02-17,2020,Q1,2,February,2020-02,FY2020,FY2020 Q3
20200218,2020-02-18,2020,Q1,2,February,2020-02,FY2020,FY2020 Q3
20200219,2020-02-19,2020,Q1,2,February,2020-02,FY2020,FY2020 Q3
20200220,2020-02-20,2020,Q1,2,February,2020-02,FY2020,FY2020 Q3
20200221,2020-02-21,2020,Q1,2,February,2020-02,FY2020,FY2020 Q3
20200222,2020-02-22,2020,Q1,2,February,2020-02,FY2020,FY2020 Q3
20200223,2020-02-23,2020,Q1,2,February,2020-02,FY2020,FY2020 Q3
20200224,2020-02-24,2020,Q1,2,February,2020-02,FY2020,FY2020 Q3
20200225,2020-02-25,2020,Q1,2,February,2020-02,FY2020,FY2020 Q3
20200226,2020-02-26,2020,Q1,2,February,2020-02,FY2020,FY2020 Q3
20200227,2020-02-27,2020,Q1,2,February,2020-02,FY2020,FY2020 Q3
20200228,2020-02-28,2020,Q1,2,February,2020-02,FY2020,FY2020 Q3
20200229,2020-02-29,2020,Q1,2,February,2020-02,FY2020,FY2020 Q3
20200301,2020-03-01,2020,Q1,3,March,2020-03,FY2020,FY2020 Q3
20200302,2020-03-02,2020,Q1,3,March,2020-03,FY2020,FY2020 Q3
20200303,2020-03-03,2020,Q1,3,March,2020-03,FY2020,FY2020 Q3
20200304,2020-03-04,2020,Q1,3,March,2020-03,FY2020,FY2020 Q3
20200305,2020-03-05,2020,Q1,3,March,2020-03,FY2020,FY2020 Q3
20200306,2020-03-06,2020,Q1,3,March,2020-03,FY2020,FY2020 Q3
20200307,2020-03-07,2020,Q1,3,March,2020-03,FY2020,FY2020 Q3
20200308,2020-03-08,2020,Q1,3,March,2020-03,FY2020,FY2020 Q3
20200309,2020-03-09,2020,Q1,3,March,2020-03,FY2020,FY2020 Q3
20200310,2020-03-10,2020,Q1,3,March,2020-03,FY2020,FY2020 Q3
20200311,2020-03-11,2020,Q1,3,March,2020-03,FY2020,FY2020 Q3
20200312,2020-03-12,2020,Q1,3,March,2020-03,FY2020,FY2020 Q3
20200313,2020-03-13,2020,Q1,3,March,2020-03,FY2020,FY2020 Q3
20200314,2020-03-14,2020,Q1,3,March,2020-03,FY2020,FY2020 Q3
20200315,2020-03-15,2020,Q1,3,March,2020-03,FY2020,FY2020 Q3
20200316,2020-03-16,2020,Q1,3,March,2020-03,FY2020,FY2020 Q3
20200317,2020-03-17,2020,Q1,3,March,2020-03,FY2020,FY2020 Q3
20200318,2020-03-18,2020,Q1,3,March,2020-03,FY2020,FY2020 Q3
20200319,2020-03-19,2020,Q1,3,March,2020-03,FY2020,FY2020 Q3
20200320,2020-03-20,2020,Q1,3,March,2020-03,FY2020,FY2020 Q3
20200321,2020-03-21,2020,Q1,3,March,2020-03,FY2020,FY2020 Q3
20200322,2020-03-22,2020,Q1,3,March,2020-03,FY2020,FY2020 Q3
20200323,2020-03-23,2020,Q1,3,March,2020-03,FY2020,FY2020 Q3
20200324,2020-03-24,2020,Q1,3,March,2020-03,FY2020,FY2020 Q3
20200325,2020-03-25,2020,Q1,3,March,2020-03,FY2020,FY2020 Q3
20200326,2020-03-26,2020,Q1,3,March,2020-03,FY2020,FY2020 Q3
20200327,2020-03-27,2020,Q1,3,March,2020-03,FY2020,FY2020 Q3
20200328,2020-03-28,2020,Q1,3,March,2020-03,FY2020,FY2020 Q3
20200329,2020-03-29,2020,Q1,3,March,2020-03,FY2020,FY2020 Q3
20200330,2020-03-30,2020,Q1,3,March,2020-03,FY2020,FY2020 Q3
20200331,2020-03-31,2020,Q1,3,March,2020-03,FY2020,FY2020 Q3
20200401,2020-04-01,2020,Q2,4,April,2020-04,FY2020,FY2020 Q4
20200402,2020-04-02,2020,Q2,4,April,2020-04,FY2020,FY2020 Q4
20200403,2020-04-03,2020,Q2,4,April,2020-04,FY2020,FY2020 Q4
20200404,2020-04-04,2020,Q2,4,April,2020-04,FY2020,FY2020 Q4
20200405,2020-04-05,2020,Q2,4,April,2020-04,FY2020,FY2020 Q4
20200406,2020-04-06,2020,Q2,4,April,2020-04,FY2020,FY2020 Q4
20200407,2020-04-07,2020,Q2,4,April,2020-04,FY2020,FY2020 Q4
20200408,2020-04-08,2020,Q2,4,April,2020-04,FY2020,FY2020 Q4
20200409,2020-04-09,2020,Q2,4,April,2020-04,FY2020,FY2020 Q4
20200410,2020-04-10,2020,Q2,4,April,2020-04,FY2020,FY2020 Q4
20200411,2020-04-11,2020,Q2,4,April,2020-04,FY2020,FY2020 Q4
20200412,2020-04-12,2020,Q2,4,April,2020-04,FY2020,FY2020 Q4
20200413,2020-04-13,2020,Q2,4,April,2020-04,FY2020,FY2020 Q4
20200414,2020-04-14,2020,Q2,4,April,2020-04,FY2020,FY2020 Q4
20200415,2020-04-15,2020,Q2,4,April,2020-04,FY2020,FY2020 Q4
20200416,2020-04-16,2020,Q2,4,April,2020-04,FY2020,FY2020 Q4
20200417,2020-04-17,2020,Q2,4,April,2020-04,FY2020,FY2020 Q4
20200418,2020-04-18,2020,Q2,4,April,2020-04,FY2020,FY2020 Q4
20200419,2020-04-19,2020,Q2,4,April,2020-04,FY2020,FY2020 Q4
20200420,2020-04-20,2020,Q2,4,April,2020-04,FY2020,FY2020 Q4
20200421,2020-04-21,2020,Q2,4,April,2020-04,FY2020,FY2020 Q4
20200422,2020-04-22,2020,Q2,4,April,2020-04,FY2020,FY2020 Q4
20200423,2020-04-23,2020,Q2,4,April,2020-04,FY2020,FY2020 Q4
20200424,2020-04-24,2020,Q2,4,April,2020-04,FY2020,FY2020 Q4
20200425,2020-04-25,2020,Q2,4,April,2020-04,FY2020,FY2020 Q4
20200426,2020-04-26,2020,Q2,4,April,2020-04,FY2020,FY2020 Q4
20200427,2020-04-27,2020,Q2,4,April,2020-04,FY2020,FY2020 Q4
20200428,2020-04-28,2020,Q2,4,April,2020-04,FY2020,FY2020 Q4
20200429,2020-04-29,2020,Q2,4,April,2020-04,FY2020,FY2020 Q4
20200430,2020-04-30,2020,Q2,4,April,2020-04,FY2020,FY2020 Q4
20200501,2020-05-01,2020,Q2,5,May,2020-05,FY2020,FY2020 Q4
20200502,2020-05-02,2020,Q2,5,May,2020-05,FY2020,FY2020 Q4
20200503,2020-05-03,2020,Q2,5,May,2020-05,FY2020,FY2020 Q4
20200504,2020-05-04,2020,Q2,5,May,2020-05,FY2020,FY2020 Q4
20200505,2020-05-05,2020,Q2,5,May,2020-05,FY2020,FY2020 Q4
20200506,2020-05-06,2020,Q2,5,May,2020-05,FY2020,FY2020 Q4
20200507,2020-05-07,2020,Q2,5,May,2020-05,FY2020,FY2020 Q4
20200508,2020-05-08,2020,Q2,5,May,2020-05,FY2020,FY2020 Q4
20200509,2020-05-09,2020,Q2,5,May,2020-05,FY2020,FY2020 Q4
20200510,2020-05-10,2020,Q2,5,May,2020-05,FY2020,FY2020 Q4
20200511,2020-05-11,2020,Q2,5,May,2020-05,FY2020,FY2020 Q4
20200512,2020-05-12,2020,Q2,5,May,2020-05,FY2020,FY2020 Q4
20200513,2020-05-13,2020,Q2,5,May,2020-05,FY2020,FY2020 Q4
20200514,2020-05-14,2020,Q2,5,May,2020-05,FY2020,FY2020 Q4
20200515,2020-05-15,2020,Q2,5,May,2020-05,FY2020,FY2020 Q4
20200516,2020-05-16,2020,Q2,5,May,2020-05,FY2020,FY2020 Q4
20200517,2020-05-17,2020,Q2,5,May,2020-05,FY2020,FY2020 Q4
20200518,2020-05-18,2020,Q2,5,May,2020-05,FY2020,FY2020 Q4
20200519,2020-05-19,2020,Q2,5,May,2020-05,FY2020,FY2020 Q4
20200520,2020-05-20,2020,Q2,5,May,2020-05,FY2020,FY2020 Q4
20200521,2020-05-21,2020,Q2,5,May,2020-05,FY2020,FY2020 Q4
20200522,2020-05-22,2020,Q2,5,May,2020-05,FY2020,FY2020 Q4
20200523,2020-05-23,2020,Q2,5,May,2020-05,FY2020,FY2020 Q4
20200524,2020-05-24,2020,Q2,5,May,2020-05,FY2020,FY2020 Q4
20200525,2020-05-25,2020,Q2,5,May,2020-05,FY2020,FY2020 Q4
20200526,2020-05-26,2020,Q2,5,May,2020-05,FY2020,FY2020 Q4
20200527,2020-05-27,2020,Q2,5,May,2020-05,FY2020,FY2020 Q4
20200528,2020-05-28,2020,Q2,5,May,2020-05,FY2020,FY2020 Q4
20200529,2020-05-29,2020,Q2,5,May,2020-05,FY2020,FY2020 Q4
20200530,2020-05-30,2020,Q2,5,May,2020-05,FY2020,FY2020 Q4
20200531,2020-05-31,2020,Q2,5,May,2020-05,FY2020,FY2020 Q4
20200601,2020-06-01,2020,Q2,6,June,2020-06,FY2020,FY2020 Q4
20200602,2020-06-02,2020,Q2,6,June,2020-06,FY2020,FY2020 Q4
20200603,2020-06-03,2020,Q2,6,June,2020-06,FY2020,FY2020 Q4
20200604,2020-06-04,2020,Q2,6,June,2020-06,FY2020,FY2020 Q4
20200605,2020-06-05,2020,Q2,6,June,2020-06,FY2020,FY2020 Q4
20200606,2020-06-06,2020,Q2,6,June,2020-06,FY2020,FY2020 Q4
20200607,2020-06-07,2020,Q2,6,June,2020-06,FY2020,FY2020 Q4
20200608,2020-06-08,2020,Q2,6,June,2020-06,FY2020,FY2020 Q4
20200609,2020-06-09,2020,Q2,6,June,2020-06,FY2020,FY2020 Q4
20200610,2020-06-10,2020,Q2,6,June,2020-06,FY2020,FY2020 Q4
20200611,2020-06-11,2020,Q2,6,June,2020-06,FY2020,FY2020 Q4
20200612,2020-06-12,2020,Q2,6,June,2020-06,FY2020,FY2020 Q4
20200613,2020-06-13,2020,Q2,6,June,2020-06,FY2020,FY2020 Q4
20200614,2020-06-14,2020,Q2,6,June,2020-06,FY2020,FY2020 Q4
20200615,2020-06-15,2020,Q2,6,June,2020-06,FY2020,FY2020 Q4
